Mass-to-Charge,Count
-0.997335,0
-0.977335,0
-0.957335,0
-0.937335,0
-0.917335,0
-0.897335,0
-0.877335,0
-0.857335,0
-0.837335,0
-0.817335,0
-0.797335,0
-0.777335,0
-0.757335,0
-0.737335,0
-0.717335,0
-0.697335,0
-0.677335,0
-0.657335,0
-0.637335,0
-0.617335,0
-0.597335,0
-0.577335,0
-0.557335,0
-0.537335,0
-0.517335,0
-0.497335,0
-0.477335,0
-0.457335,0
-0.437335,0
-0.417335,0
-0.397335,0
-0.377335,0
-0.357335,0
-0.337335,0
-0.317335,0
-0.297335,0
-0.277335,0
-0.257335,0
-0.237335,0
-0.217335,0
-0.197335,0
-0.177335,0
-0.157335,0
-0.137335,0
-0.117335,0
-0.0973355,0
-0.0773355,0
-0.0573354,0
-0.0373355,0
-0.0173355,0
0.00266457,161
0.0226645,101
0.0426645,65
0.0626645,55
0.0826645,54
0.102665,50
0.122665,56
0.142665,59
0.162665,35
0.182665,39
0.202664,41
0.222665,41
0.242665,37
0.262665,34
0.282665,30
0.302665,34
0.322664,40
0.342664,35
0.362665,25
0.382665,33
0.402665,28
0.422665,24
0.442665,29
0.462664,19
0.482665,30
0.502665,31
0.522665,26
0.542665,26
0.562665,25
0.582664,26
0.602664,26
0.622665,29
0.642665,16
0.662665,28
0.682665,23
0.702664,27
0.722664,21
0.742665,24
0.762665,20
0.782665,24
0.802665,23
0.822664,26
0.842664,17
0.862665,19
0.882665,27
0.902665,19
0.922665,18
0.942665,17
0.962664,23
0.982664,26
1.00266,15301
1.02266,418
1.04266,201
1.06266,123
1.08266,108
1.10266,77
1.12266,61
1.14266,64
1.16266,48
1.18266,49
1.20266,36
1.22266,29
1.24266,48
1.26266,37
1.28266,39
1.30266,33
1.32266,31
1.34266,29
1.36266,25
1.38266,26
1.40266,25
1.42266,32
1.44266,32
1.46266,27
1.48266,28
1.50266,21
1.52266,29
1.54266,25
1.56266,30
1.58266,19
1.60266,22
1.62266,31
1.64266,28
1.66266,25
1.68266,26
1.70266,17
1.72266,19
1.74266,19
1.76266,23
1.78266,28
1.80266,28
1.82266,9
1.84266,21
1.86266,18
1.88266,16
1.90266,19
1.92266,21
1.94266,23
1.96266,11
1.98266,15
2.00266,4287
2.02266,293
2.04266,122
2.06266,82
2.08266,48
2.10266,51
2.12266,45
2.14266,36
2.16266,27
2.18266,17
2.20266,20
2.22266,17
2.24266,21
2.26266,26
2.28266,14
2.30266,23
2.32266,23
2.34266,20
2.36266,15
2.38266,26
2.40266,20
2.42266,22
2.44266,19
2.46266,18
2.48266,19
2.50266,18
2.52266,18
2.54266,12
2.56266,17
2.58266,23
2.60266,18
2.62266,19
2.64266,13
2.66266,15
2.68266,12
2.70266,20
2.72266,17
2.74266,21
2.76266,16
2.78266,16
2.80266,14
2.82266,14
2.84266,16
2.86266,12
2.88266,12
2.90266,14
2.92266,18
2.94266,17
2.96266,19
2.98266,11
3.00266,66
3.02266,189
3.04266,22
3.06266,9
3.08266,20
3.10266,13
3.12266,11
3.14266,18
3.16266,17
3.18266,13
3.20266,10
3.22266,12
3.24266,10
3.26266,11
3.28266,17
3.30266,8
3.32266,10
3.34266,27
3.36266,14
3.38266,13
3.40266,12
3.42266,18
3.44266,11
3.46266,17
3.48266,12
3.50266,5
3.52266,9
3.54266,19
3.56266,17
3.58266,9
3.60266,11
3.62266,12
3.64266,11
3.66266,11
3.68266,19
3.70266,12
3.72266,13
3.74266,9
3.76266,12
3.78266,5
3.80266,9
3.82266,6
3.84266,21
3.86266,10
3.88266,12
3.90266,17
3.92266,15
3.94266,13
3.96266,13
3.98266,14
4.00266,12
4.02266,12
4.04266,9
4.06266,10
4.08266,20
4.10266,6
4.12266,13
4.14266,12
4.16266,10
4.18266,11
4.20266,11
4.22266,11
4.24266,18
4.26266,12
4.28266,11
4.30266,5
4.32266,15
4.34266,10
4.36266,9
4.38266,9
4.40266,9
4.42266,11
4.44266,5
4.46266,7
4.48266,7
4.50266,17
4.52266,6
4.54266,8
4.56266,11
4.58266,11
4.60266,17
4.62266,13
4.64266,9
4.66266,11
4.68266,10
4.70266,5
4.72266,12
4.74266,11
4.76266,2
4.78266,9
4.80266,9
4.82266,13
4.84266,8
4.86266,11
4.88266,5
4.90266,9
4.92266,8
4.94266,11
4.96266,7
4.98266,11
5.00266,5
5.02266,8
5.04266,9
5.06266,9
5.08266,7
5.10266,6
5.12266,7
5.14266,6
5.16266,11
5.18266,4
5.20266,6
5.22266,11
5.24266,7
5.26266,7
5.28266,11
5.30266,9
5.32266,9
5.34266,7
5.36266,7
5.38266,12
5.40266,7
5.42266,7
5.44266,8
5.46266,6
5.48266,13
5.50266,9
5.52266,12
5.54266,5
5.56266,7
5.58266,3
5.60266,9
5.62266,12
5.64266,4
5.66266,6
5.68266,4
5.70266,7
5.72266,5
5.74266,10
5.76266,5
5.78266,5
5.80266,9
5.82266,9
5.84266,5
5.86266,12
5.88266,8
5.90266,14
5.92266,16
5.94266,21
5.96266,180
5.98266,15297
6.00266,8938
6.02266,1061
6.04266,338
6.06266,164
6.08266,110
6.10266,98
6.12266,60
6.14266,61
6.16266,42
6.18266,36
6.20266,35
6.22266,29
6.24266,29
6.26266,23
6.28266,22
6.30266,23
6.32266,21
6.34266,22
6.36266,15
6.38266,17
6.40266,22
6.42266,13
6.44266,18
6.46266,21
6.48266,203
6.50266,215
6.52266,25
6.54266,25
6.56266,10
6.58266,15
6.60266,9
6.62266,21
6.64266,13
6.66266,8
6.68266,12
6.70266,10
6.72266,10
6.74266,6
6.76266,11
6.78266,10
6.80266,6
6.82266,10
6.84266,9
6.86266,14
6.88266,15
6.90266,16
6.92266,16
6.94266,12
6.96266,8
6.98266,50
7.00266,36
7.02266,15
7.04266,18
7.06266,12
7.08266,14
7.10266,12
7.12266,16
7.14266,10
7.16266,4
7.18266,17
7.20266,8
7.22266,15
7.24266,8
7.26266,12
7.28266,7
7.30266,12
7.32266,14
7.34266,12
7.36266,9
7.38266,5
7.40266,13
7.42266,7
7.44266,13
7.46266,10
7.48266,10
7.50266,8
7.52266,8
7.54266,13
7.56266,8
7.58266,15
7.60266,15
7.62266,11
7.64266,6
7.66266,4
7.68266,9
7.70266,5
7.72266,10
7.74266,12
7.76266,5
7.78266,8
7.80266,3
7.82266,11
7.84266,10
7.86266,5
7.88266,5
7.90266,7
7.92266,11
7.94266,6
7.96266,9
7.98266,16
8.00266,10
8.02266,7
8.04266,8
8.06266,7
8.08266,7
8.10266,8
8.12266,8
8.14266,6
8.16266,10
8.18266,6
8.20266,10
8.22266,8
8.24266,7
8.26266,8
8.28266,15
8.30266,12
8.32266,4
8.34266,6
8.36266,7
8.38266,5
8.40266,9
8.42266,5
8.44266,8
8.46266,7
8.48266,8
8.50266,10
8.52266,2
8.54266,8
8.56266,5
8.58266,7
8.60266,4
8.62266,7
8.64266,5
8.66266,5
8.68266,12
8.70266,4
8.72266,9
8.74266,10
8.76266,8
8.78266,4
8.80266,15
8.82266,6
8.84266,5
8.86266,8
8.88266,8
8.90266,10
8.92266,5
8.94266,13
8.96266,87
8.98266,7445
9.00266,1347
9.02266,267
9.04266,130
9.06266,72
9.08266,53
9.10266,35
9.12266,35
9.14266,28
9.16266,26
9.18266,18
9.20266,15
9.22266,17
9.24266,24
9.26266,16
9.28266,18
9.30266,15
9.32266,7
9.34266,9
9.36266,8
9.38266,11
9.40266,9
9.42266,13
9.44266,13
9.46266,8
9.48266,6
9.50266,10
9.52266,15
9.54266,6
9.56266,8
9.58266,8
9.60266,9
9.62266,12
9.64266,5
9.66266,5
9.68266,10
9.70266,9
9.72266,6
9.74266,15
9.76266,8
9.78266,9
9.80266,8
9.82266,10
9.84266,15
9.86266,13
9.88266,5
9.90266,10
9.92266,6
9.94266,7
9.96266,7
9.98266,10
10.0027,10
10.0227,10
10.0427,7
10.0627,7
10.0827,11
10.1027,8
10.1227,6
10.1427,12
10.1627,5
10.1827,8
10.2027,6
10.2227,6
10.2427,9
10.2627,6
10.2827,5
10.3027,9
10.3227,15
10.3427,13
10.3627,6
10.3827,2
10.4027,3
10.4227,8
10.4427,1
10.4627,8
10.4827,5
10.5027,11
10.5227,3
10.5427,6
10.5627,5
10.5827,7
10.6027,6
10.6227,5
10.6427,8
10.6627,6
10.6827,10
10.7027,8
10.7227,11
10.7427,3
10.7627,13
10.7827,8
10.8027,5
10.8227,8
10.8427,4
10.8627,6
10.8827,9
10.9027,4
10.9227,6
10.9427,9
10.9627,3
10.9827,3
11.0027,5
11.0227,3
11.0427,5
11.0627,6
11.0827,11
11.1027,7
11.1227,8
11.1427,4
11.1627,4
11.1827,6
11.2027,9
11.2227,5
11.2427,8
11.2627,7
11.2827,7
11.3027,6
11.3227,7
11.3427,5
11.3627,3
11.3827,10
11.4027,10
11.4227,5
11.4427,4
11.4627,8
11.4827,6
11.5027,5
11.5227,4
11.5427,7
11.5627,8
11.5827,8
11.6027,10
11.6227,7
11.6427,4
11.6627,6
11.6827,4
11.7027,3
11.7227,5
11.7427,3
11.7627,6
11.7827,8
11.8027,5
11.8227,7
11.8427,9
11.8627,4
11.8827,9
11.9027,8
11.9227,24
11.9427,46
11.9627,365
11.9827,10081
12.0027,7782
12.0227,1610
12.0427,583
12.0627,286
12.0827,168
12.1027,128
12.1227,105
12.1427,81
12.1627,67
12.1827,74
12.2027,50
12.2227,41
12.2427,48
12.2627,58
12.2827,40
12.3027,41
12.3227,45
12.3427,47
12.3627,35
12.3827,50
12.4027,32
12.4227,39
12.4427,33
12.4627,25
12.4827,31
12.5027,30
12.5227,25
12.5427,30
12.5627,32
12.5827,35
12.6027,25
12.6227,18
12.6427,22
12.6627,26
12.6827,17
12.7027,19
12.7227,18
12.7427,15
12.7627,17
12.7827,16
12.8027,20
12.8227,12
12.8427,16
12.8627,13
12.8827,21
12.9027,22
12.9227,13
12.9427,12
12.9627,21
12.9827,131
13.0027,186
13.0227,55
13.0427,26
13.0627,18
13.0827,13
13.1027,20
13.1227,18
13.1427,11
13.1627,10
13.1827,12
13.2027,7
13.2227,13
13.2427,12
13.2627,11
13.2827,10
13.3027,11
13.3227,9
13.3427,18
13.3627,11
13.3827,13
13.4027,11
13.4227,28
13.4427,101
13.4627,4937
13.4827,37043
13.5027,6148
13.5227,1440
13.5427,628
13.5627,345
13.5827,245
13.6027,173
13.6227,122
13.6427,111
13.6627,77
13.6827,94
13.7027,76
13.7227,59
13.7427,54
13.7627,55
13.7827,49
13.8027,47
13.8227,38
13.8427,41
13.8627,29
13.8827,35
13.9027,34
13.9227,25
13.9427,25
13.9627,41
13.9827,366
14.0027,315
14.0227,81
14.0427,43
14.0627,31
14.0827,25
14.1027,26
14.1227,29
14.1427,24
14.1627,33
14.1827,17
14.2027,22
14.2227,16
14.2427,26
14.2627,14
14.2827,15
14.3027,20
14.3227,17
14.3427,14
14.3627,17
14.3827,15
14.4027,14
14.4227,19
14.4427,22
14.4627,20
14.4827,21
14.5027,19
14.5227,24
14.5427,15
14.5627,20
14.5827,11
14.6027,23
14.6227,18
14.6427,19
14.6627,17
14.6827,17
14.7027,21
14.7227,19
14.7427,10
14.7627,17
14.7827,16
14.8027,15
14.8227,11
14.8427,22
14.8627,17
14.8827,16
14.9027,20
14.9227,8
14.9427,17
14.9627,13
14.9827,18
15.0027,15
15.0227,20
15.0427,12
15.0627,13
15.0827,9
15.1027,11
15.1227,21
15.1427,12
15.1627,11
15.1827,10
15.2027,17
15.2227,14
15.2427,12
15.2627,7
15.2827,14
15.3027,11
15.3227,11
15.3427,13
15.3627,9
15.3827,13
15.4027,6
15.4227,5
15.4427,10
15.4627,13
15.4827,19
15.5027,12
15.5227,5
15.5427,10
15.5627,8
15.5827,11
15.6027,6
15.6227,6
15.6427,4
15.6627,9
15.6827,5
15.7027,14
15.7227,10
15.7427,8
15.7627,7
15.7827,7
15.8027,7
15.8227,4
15.8427,8
15.8627,7
15.8827,8
15.9027,8
15.9227,8
15.9427,14
15.9627,159
15.9827,850
16.0027,303
16.0227,73
16.0427,49
16.0627,34
16.0827,27
16.1027,21
16.1227,14
16.1427,13
16.1627,17
16.1827,13
16.2027,16
16.2227,15
16.2427,18
16.2627,13
16.2827,12
16.3027,13
16.3227,13
16.3427,7
16.3627,7
16.3827,7
16.4027,14
16.4227,9
16.4427,10
16.4627,12
16.4827,5
16.5027,11
16.5227,7
16.5427,11
16.5627,6
16.5827,13
16.6027,7
16.6227,10
16.6427,12
16.6627,9
16.6827,11
16.7027,13
16.7227,11
16.7427,12
16.7627,9
16.7827,13
16.8027,9
16.8227,15
16.8427,10
16.8627,4
16.8827,10
16.9027,5
16.9227,2
16.9427,8
16.9627,14
16.9827,81
17.0027,90
17.0227,28
17.0427,10
17.0627,7
17.0827,12
17.1027,8
17.1227,6
17.1427,6
17.1627,8
17.1827,6
17.2027,9
17.2227,6
17.2427,4
17.2627,11
17.2827,37
17.3027,55
17.3227,20
17.3427,17
17.3627,12
17.3827,6
17.4027,5
17.4227,8
17.4427,11
17.4627,16
17.4827,26
17.5027,20
17.5227,9
17.5427,12
17.5627,7
17.5827,7
17.6027,13
17.6227,19
17.6427,17
17.6627,12
17.6827,5
17.7027,10
17.7227,5
17.7427,10
17.7627,4
17.7827,7
17.8027,9
17.8227,6
17.8427,7
17.8627,4
17.8827,6
17.9027,6
17.9227,3
17.9427,8
17.9627,146
17.9827,1919
18.0027,1033
18.0227,220
18.0427,85
18.0627,88
18.0827,51
18.1027,50
18.1227,42
18.1427,44
18.1627,39
18.1827,40
18.2027,34
18.2227,26
18.2427,12
18.2627,12
18.2827,15
18.3027,11
18.3227,9
18.3427,15
18.3627,7
18.3827,10
18.4027,12
18.4227,11
18.4427,3
18.4627,8
18.4827,70
18.5027,48
18.5227,13
18.5427,4
18.5627,9
18.5827,8
18.6027,16
18.6227,10
18.6427,12
18.6627,9
18.6827,14
18.7027,15
18.7227,5
18.7427,6
18.7627,4
18.7827,10
18.8027,7
18.8227,8
18.8427,8
18.8627,5
18.8827,8
18.9027,5
18.9227,4
18.9427,7
18.9627,4
18.9827,22
19.0027,29
19.0227,20
19.0427,8
19.0627,3
19.0827,4
19.1027,5
19.1227,15
19.1427,7
19.1627,6
19.1827,6
19.2027,6
19.2227,7
19.2427,6
19.2627,6
19.2827,11
19.3027,5
19.3227,6
19.3427,16
19.3627,7
19.3827,9
19.4027,6
19.4227,6
19.4427,11
19.4627,11
19.4827,10
19.5027,5
19.5227,6
19.5427,6
19.5627,2
19.5827,6
19.6027,7
19.6227,7
19.6427,11
19.6627,9
19.6827,8
19.7027,6
19.7227,7
19.7427,4
19.7627,5
19.7827,13
19.8027,8
19.8227,7
19.8427,4
19.8627,4
19.8827,9
19.9027,7
19.9227,3
19.9427,8
19.9627,32
19.9827,50
20.0027,28
20.0227,11
20.0427,6
20.0627,6
20.0827,6
20.1027,7
20.1227,5
20.1427,5
20.1627,6
20.1827,8
20.2027,6
20.2227,2
20.2427,5
20.2627,3
20.2827,3
20.3027,3
20.3227,9
20.3427,7
20.3627,11
20.3827,6
20.4027,5
20.4227,1
20.4427,14
20.4627,27
20.4827,53
20.5027,16
20.5227,8
20.5427,13
20.5627,6
20.5827,7
20.6027,11
20.6227,2
20.6427,5
20.6627,2
20.6827,5
20.7027,4
20.7227,4
20.7427,8
20.7627,5
20.7827,8
20.8027,5
20.8227,7
20.8427,4
20.8627,5
20.8827,4
20.9027,1
20.9227,4
20.9427,10
20.9627,8
20.9827,6
21.0027,5
21.0227,6
21.0427,5
21.0627,6
21.0827,5
21.1027,6
21.1227,7
21.1427,9
21.1627,9
21.1827,9
21.2027,4
21.2227,4
21.2427,0
21.2627,5
21.2827,7
21.3027,10
21.3227,6
21.3427,6
21.3627,2
21.3827,6
21.4027,6
21.4227,4
21.4427,18
21.4627,242
21.4827,396
21.5027,79
21.5227,28
21.5427,11
21.5627,22
21.5827,10
21.6027,11
21.6227,4
21.6427,5
21.6627,10
21.6827,4
21.7027,4
21.7227,9
21.7427,8
21.7627,4
21.7827,10
21.8027,4
21.8227,7
21.8427,4
21.8627,9
21.8827,7
21.9027,5
21.9227,7
21.9427,9
21.9627,16
21.9827,48
22.0027,18
22.0227,10
22.0427,6
22.0627,7
22.0827,5
22.1027,2
22.1227,5
22.1427,5
22.1627,5
22.1827,8
22.2027,4
22.2227,7
22.2427,3
22.2627,5
22.2827,5
22.3027,5
22.3227,6
22.3427,3
22.3627,5
22.3827,3
22.4027,3
22.4227,4
22.4427,3
22.4627,5
22.4827,9
22.5027,4
22.5227,4
22.5427,4
22.5627,4
22.5827,5
22.6027,6
22.6227,9
22.6427,6
22.6627,4
22.6827,5
22.7027,7
22.7227,5
22.7427,5
22.7627,7
22.7827,4
22.8027,4
22.8227,5
22.8427,4
22.8627,3
22.8827,6
22.9027,3
22.9227,6
22.9427,17
22.9627,42
22.9827,34
23.0027,11
23.0227,7
23.0427,8
23.0627,3
23.0827,4
23.1027,8
23.1227,4
23.1427,10
23.1627,2
23.1827,7
23.2027,4
23.2227,3
23.2427,5
23.2627,11
23.2827,130
23.3027,539
23.3227,194
23.3427,58
23.3627,18
23.3827,6
23.4027,9
23.4227,14
23.4427,14
23.4627,24
23.4827,12
23.5027,9
23.5227,6
23.5427,5
23.5627,7
23.5827,6
23.6027,7
23.6227,5
23.6427,10
23.6627,4
23.6827,2
23.7027,9
23.7227,3
23.7427,4
23.7627,5
23.7827,3
23.8027,6
23.8227,6
23.8427,3
23.8627,4
23.8827,8
23.9027,6
23.9227,20
23.9427,129
23.9627,1727
23.9827,7483
24.0027,4251
24.0227,984
24.0427,346
24.0627,178
24.0827,126
24.1027,88
24.1227,73
24.1427,59
24.1627,43
24.1827,25
24.2027,40
24.2227,30
24.2427,18
24.2627,25
24.2827,25
24.3027,36
24.3227,32
24.3427,17
24.3627,28
24.3827,17
24.4027,13
24.4227,17
24.4427,11
24.4627,43
24.4827,135
24.5027,103
24.5227,28
24.5427,15
24.5627,9
24.5827,12
24.6027,15
24.6227,6
24.6427,10
24.6627,11
24.6827,9
24.7027,6
24.7227,9
24.7427,12
24.7627,8
24.7827,6
24.8027,8
24.8227,8
24.8427,9
24.8627,10
24.8827,5
24.9027,7
24.9227,102
24.9427,1751
24.9627,6094
24.9827,2548
25.0027,656
25.0227,227
25.0427,130
25.0627,78
25.0827,63
25.1027,43
25.1227,31
25.1427,29
25.1627,23
25.1827,23
25.2027,15
25.2227,13
25.2427,13
25.2627,11
25.2827,13
25.3027,18
25.3227,14
25.3427,15
25.3627,14
25.3827,13
25.4027,13
25.4227,13
25.4427,32
25.4627,168
25.4827,191
25.5027,57
25.5227,19
25.5427,14
25.5627,13
25.5827,11
25.6027,8
25.6227,9
25.6427,13
25.6627,7
25.6827,10
25.7027,9
25.7227,6
25.7427,5
25.7627,10
25.7827,13
25.8027,13
25.8227,18
25.8427,20
25.8627,24
25.8827,65
25.9027,144
25.9227,3195
25.9427,45844
25.9627,107657
25.9827,35797
26.0027,9315
26.0227,3653
26.0427,1892
26.0627,1180
26.0827,817
26.1027,601
26.1227,456
26.1427,446
26.1627,353
26.1827,304
26.2027,223
26.2227,202
26.2427,192
26.2627,168
26.2827,135
26.3027,124
26.3227,123
26.3427,113
26.3627,95
26.3827,106
26.4027,110
26.4227,538
26.4427,5625
26.4627,12446
26.4827,4164
26.5027,1107
26.5227,427
26.5427,272
26.5627,204
26.5827,131
26.6027,113
26.6227,112
26.6427,100
26.6627,79
26.6827,70
26.7027,78
26.7227,58
26.7427,76
26.7627,53
26.7827,43
26.8027,37
26.8227,39
26.8427,48
26.8627,44
26.8827,54
26.9027,75
26.9227,361
26.9427,5976
26.9627,42992
26.9827,53439
27.0027,14144
27.0227,3837
27.0427,1467
27.0627,778
27.0827,511
27.1027,404
27.1227,319
27.1427,245
27.1627,225
27.1827,176
27.2027,176
27.2227,119
27.2427,126
27.2627,96
27.2827,101
27.3027,80
27.3227,95
27.3427,65
27.3627,80
27.3827,80
27.4027,76
27.4227,618
27.4427,6474
27.4627,13229
27.4827,4376
27.5027,1215
27.5227,478
27.5427,277
27.5627,191
27.5827,173
27.6027,103
27.6227,110
27.6427,73
27.6627,68
27.6827,71
27.7027,64
27.7227,73
27.7427,52
27.7627,50
27.7827,49
27.8027,42
27.8227,55
27.8427,29
27.8627,48
27.8827,45
27.9027,41
27.9227,41
27.9427,201
27.9627,436
27.9827,459
28.0027,202
28.0227,60
28.0427,54
28.0627,45
28.0827,33
28.1027,40
28.1227,32
28.1427,29
28.1627,28
28.1827,34
28.2027,36
28.2227,31
28.2427,31
28.2627,30
28.2827,24
28.3027,26
28.3227,32
28.3427,36
28.3627,19
28.3827,12
28.4027,33
28.4227,20
28.4427,22
28.4627,27
28.4827,25
28.5027,29
28.5227,14
28.5427,17
28.5627,19
28.5827,18
28.6027,18
28.6227,28
28.6427,39
28.6627,25
28.6827,18
28.7027,20
28.7227,20
28.7427,15
28.7627,16
28.7827,20
28.8027,13
28.8227,19
28.8427,11
28.8627,17
28.8827,22
28.9027,17
28.9227,15
28.9427,22
28.9627,23
28.9827,43
29.0027,39
29.0227,22
29.0427,23
29.0627,15
29.0827,13
29.1027,18
29.1227,15
29.1427,8
29.1627,8
29.1827,18
29.2027,18
29.2227,7
29.2427,15
29.2627,15
29.2827,12
29.3027,12
29.3227,16
29.3427,15
29.3627,12
29.3827,18
29.4027,16
29.4227,16
29.4427,14
29.4627,11
29.4827,18
29.5027,9
29.5227,11
29.5427,10
29.5627,17
29.5827,9
29.6027,12
29.6227,15
29.6427,11
29.6627,10
29.6827,14
29.7027,10
29.7227,7
29.7427,14
29.7627,11
29.7827,12
29.8027,14
29.8227,13
29.8427,11
29.8627,12
29.8827,12
29.9027,16
29.9227,13
29.9427,51
29.9627,348
29.9827,769
30.0027,388
30.0227,95
30.0427,35
30.0627,31
30.0827,20
30.1027,14
30.1227,23
30.1427,14
30.1627,15
30.1827,14
30.2027,9
30.2227,8
30.2427,12
30.2627,13
30.2827,13
30.3027,9
30.3227,13
30.3427,15
30.3627,11
30.3827,4
30.4027,5
30.4227,10
30.4427,11
30.4627,31
30.4827,30
30.5027,45
30.5227,14
30.5427,15
30.5627,6
30.5827,7
30.6027,6
30.6227,8
30.6427,8
30.6627,9
30.6827,14
30.7027,13
30.7227,4
30.7427,8
30.7627,9
30.7827,4
30.8027,7
30.8227,7
30.8427,5
30.8627,8
30.8827,15
30.9027,4
30.9227,6
30.9427,10
30.9627,18
30.9827,23
31.0027,20
31.0227,15
31.0427,11
31.0627,2
31.0827,11
31.1027,10
31.1227,5
31.1427,7
31.1627,10
31.1827,7
31.2027,2
31.2227,5
31.2427,5
31.2627,4
31.2827,9
31.3027,16
31.3227,10
31.3427,9
31.3627,8
31.3827,8
31.4027,11
31.4227,9
31.4427,5
31.4627,4
31.4827,8
31.5027,7
31.5227,3
31.5427,6
31.5627,10
31.5827,6
31.6027,5
31.6227,6
31.6427,7
31.6627,8
31.6827,6
31.7027,7
31.7227,10
31.7427,5
31.7627,3
31.7827,5
31.8027,10
31.8227,6
31.8427,4
31.8627,13
31.8827,4
31.9027,11
31.9227,10
31.9427,38
31.9627,84
31.9827,60
32.0027,35
32.0227,9
32.0427,7
32.0627,6
32.0827,11
32.1027,5
32.1227,4
32.1427,6
32.1627,4
32.1827,3
32.2027,2
32.2227,3
32.2427,5
32.2627,7
32.2827,6
32.3027,6
32.3227,1
32.3427,7
32.3627,5
32.3827,7
32.4027,4
32.4227,5
32.4427,4
32.4627,8
32.4827,5
32.5027,7
32.5227,5
32.5427,6
32.5627,7
32.5827,7
32.6027,8
32.6227,7
32.6427,10
32.6627,8
32.6827,5
32.7027,3
32.7227,1
32.7427,7
32.7627,6
32.7827,4
32.8027,7
32.8227,7
32.8427,2
32.8627,6
32.8827,6
32.9027,5
32.9227,7
32.9427,6
32.9627,16
32.9827,13
33.0027,6
33.0227,6
33.0427,7
33.0627,6
33.0827,8
33.1027,4
33.1227,6
33.1427,3
33.1627,9
33.1827,8
33.2027,4
33.2227,4
33.2427,4
33.2627,15
33.2827,42
33.3027,64
33.3227,25
33.3427,6
33.3627,4
33.3827,8
33.4027,14
33.4227,7
33.4427,5
33.4627,9
33.4827,8
33.5027,6
33.5227,5
33.5427,4
33.5627,4
33.5827,7
33.6027,9
33.6227,12
33.6427,10
33.6627,3
33.6827,3
33.7027,3
33.7227,6
33.7427,6
33.7627,6
33.7827,6
33.8027,5
33.8227,8
33.8427,4
33.8627,4
33.8827,8
33.9027,8
33.9227,34
33.9427,76
33.9627,124
33.9827,56
34.0027,16
34.0227,16
34.0427,10
34.0627,4
34.0827,4
34.1027,8
34.1227,6
34.1427,4
34.1627,7
34.1827,5
34.2027,7
34.2227,5
34.2427,5
34.2627,4
34.2827,3
34.3027,3
34.3227,9
34.3427,8
34.3627,3
34.3827,4
34.4027,7
34.4227,9
34.4427,27
34.4627,21
34.4827,11
34.5027,10
34.5227,7
34.5427,13
34.5627,7
34.5827,6
34.6027,5
34.6227,11
34.6427,6
34.6627,5
34.6827,7
34.7027,3
34.7227,4
34.7427,4
34.7627,5
34.7827,2
34.8027,3
34.8227,4
34.8427,1
34.8627,5
34.8827,5
34.9027,5
34.9227,19
34.9427,52
34.9627,87
34.9827,43
35.0027,14
35.0227,7
35.0427,6
35.0627,4
35.0827,11
35.1027,9
35.1227,8
35.1427,3
35.1627,9
35.1827,3
35.2027,6
35.2227,6
35.2427,9
35.2627,4
35.2827,5
35.3027,6
35.3227,3
35.3427,7
35.3627,4
35.3827,4
35.4027,6
35.4227,4
35.4427,5
35.4627,10
35.4827,6
35.5027,4
35.5227,3
35.5427,5
35.5627,6
35.5827,3
35.6027,7
35.6227,6
35.6427,1
35.6627,8
35.6827,4
35.7027,3
35.7227,4
35.7427,3
35.7627,2
35.7827,2
35.8027,3
35.8227,4
35.8427,4
35.8627,3
35.8827,7
35.9027,12
35.9227,42
35.9427,234
35.9627,1010
35.9827,1923
36.0027,1351
36.0227,617
36.0427,229
36.0627,122
36.0827,72
36.1027,51
36.1227,38
36.1427,42
36.1627,40
36.1827,28
36.2027,23
36.2227,20
36.2427,24
36.2627,15
36.2827,11
36.3027,17
36.3227,13
36.3427,7
36.3627,18
36.3827,15
36.4027,11
36.4227,9
36.4427,11
36.4627,14
36.4827,24
36.5027,18
36.5227,6
36.5427,11
36.5627,5
36.5827,7
36.6027,8
36.6227,11
36.6427,5
36.6627,8
36.6827,8
36.7027,6
36.7227,7
36.7427,10
36.7627,6
36.7827,9
36.8027,2
36.8227,9
36.8427,5
36.8627,8
36.8827,7
36.9027,5
36.9227,19
36.9427,18
36.9627,46
36.9827,86
37.0027,104
37.0227,43
37.0427,16
37.0627,13
37.0827,5
37.1027,10
37.1227,5
37.1427,2
37.1627,4
37.1827,9
37.2027,7
37.2227,5
37.2427,7
37.2627,7
37.2827,4
37.3027,2
37.3227,8
37.3427,4
37.3627,4
37.3827,6
37.4027,6
37.4227,9
37.4427,10
37.4627,21
37.4827,21
37.5027,17
37.5227,12
37.5427,4
37.5627,7
37.5827,4
37.6027,6
37.6227,6
37.6427,5
37.6627,4
37.6827,8
37.7027,2
37.7227,5
37.7427,6
37.7627,3
37.7827,5
37.8027,6
37.8227,6
37.8427,3
37.8627,3
37.8827,2
37.9027,8
37.9227,14
37.9427,24
37.9627,30
37.9827,44
38.0027,28
38.0227,29
38.0427,5
38.0627,7
38.0827,4
38.1027,7
38.1227,5
38.1427,8
38.1627,4
38.1827,9
38.2027,7
38.2227,3
38.2427,4
38.2627,7
38.2827,2
38.3027,5
38.3227,7
38.3427,3
38.3627,6
38.3827,4
38.4027,6
38.4227,3
38.4427,6
38.4627,13
38.4827,9
38.5027,5
38.5227,3
38.5427,4
38.5627,4
38.5827,7
38.6027,7
38.6227,4
38.6427,5
38.6627,0
38.6827,3
38.7027,1
38.7227,5
38.7427,3
38.7627,5
38.7827,9
38.8027,0
38.8227,2
38.8427,4
38.8627,10
38.8827,4
38.9027,1
38.9227,2
38.9427,12
38.9627,14
38.9827,9
39.0027,9
39.0227,5
39.0427,3
39.0627,3
39.0827,6
39.1027,6
39.1227,1
39.1427,3
39.1627,3
39.1827,3
39.2027,2
39.2227,4
39.2427,2
39.2627,6
39.2827,2
39.3027,5
39.3227,3
39.3427,2
39.3627,7
39.3827,4
39.4027,3
39.4227,5
39.4427,4
39.4627,1
39.4827,2
39.5027,6
39.5227,2
39.5427,4
39.5627,2
39.5827,4
39.6027,2
39.6227,0
39.6427,8
39.6627,3
39.6827,2
39.7027,2
39.7227,5
39.7427,3
39.7627,4
39.7827,4
39.8027,4
39.8227,3
39.8427,2
39.8627,1
39.8827,2
39.9027,8
39.9227,2
39.9427,12
39.9627,16
39.9827,22
40.0027,10
40.0227,12
40.0427,5
40.0627,4
40.0827,3
40.1027,5
40.1227,2
40.1427,4
40.1627,8
40.1827,0
40.2027,5
40.2227,5
40.2427,3
40.2627,3
40.2827,3
40.3027,1
40.3227,1
40.3427,3
40.3627,1
40.3827,1
40.4027,8
40.4227,2
40.4427,3
40.4627,5
40.4827,7
40.5027,5
40.5227,4
40.5427,3
40.5627,2
40.5827,1
40.6027,6
40.6227,4
40.6427,5
40.6627,1
40.6827,4
40.7027,3
40.7227,4
40.7427,1
40.7627,4
40.7827,10
40.8027,4
40.8227,7
40.8427,3
40.8627,3
40.8827,0
40.9027,3
40.9227,9
40.9427,4
40.9627,5
40.9827,3
41.0027,3
41.0227,5
41.0427,5
41.0627,3
41.0827,4
41.1027,3
41.1227,1
41.1427,8
41.1627,4
41.1827,2
41.2027,3
41.2227,1
41.2427,2
41.2627,2
41.2827,4
41.3027,2
41.3227,6
41.3427,2
41.3627,1
41.3827,2
41.4027,1
41.4227,6
41.4427,2
41.4627,3
41.4827,2
41.5027,3
41.5227,3
41.5427,1
41.5627,5
41.5827,6
41.6027,3
41.6227,6
41.6427,2
41.6627,3
41.6827,1
41.7027,8
41.7227,11
41.7427,3
41.7627,2
41.7827,4
41.8027,5
41.8227,2
41.8427,0
41.8627,3
41.8827,8
41.9027,5
41.9227,6
41.9427,13
41.9627,30
41.9827,44
42.0027,24
42.0227,11
42.0427,5
42.0627,5
42.0827,5
42.1027,2
42.1227,5
42.1427,5
42.1627,2
42.1827,5
42.2027,1
42.2227,3
42.2427,3
42.2627,4
42.2827,4
42.3027,3
42.3227,4
42.3427,6
42.3627,1
42.3827,5
42.4027,9
42.4227,4
42.4427,7
42.4627,6
42.4827,10
42.5027,5
42.5227,9
42.5427,3
42.5627,3
42.5827,5
42.6027,4
42.6227,4
42.6427,6
42.6627,4
42.6827,2
42.7027,5
42.7227,4
42.7427,2
42.7627,3
42.7827,3
42.8027,2
42.8227,5
42.8427,5
42.8627,3
42.8827,2
42.9027,16
42.9227,68
42.9427,188
42.9627,329
42.9827,184
43.0027,103
43.0227,46
43.0427,23
43.0627,15
43.0827,8
43.1027,6
43.1227,11
43.1427,15
43.1627,8
43.1827,4
43.2027,3
43.2227,6
43.2427,5
43.2627,2
43.2827,3
43.3027,5
43.3227,6
43.3427,5
43.3627,1
43.3827,4
43.4027,5
43.4227,2
43.4427,4
43.4627,9
43.4827,3
43.5027,12
43.5227,3
43.5427,4
43.5627,8
43.5827,4
43.6027,3
43.6227,5
43.6427,5
43.6627,3
43.6827,5
43.7027,4
43.7227,5
43.7427,2
43.7627,2
43.7827,8
43.8027,1
43.8227,4
43.8427,0
43.8627,2
43.8827,7
43.9027,4
43.9227,11
43.9427,15
43.9627,28
43.9827,50
44.0027,22
44.0227,12
44.0427,9
44.0627,11
44.0827,6
44.1027,4
44.1227,1
44.1427,6
44.1627,3
44.1827,8
44.2027,5
44.2227,8
44.2427,9
44.2627,3
44.2827,5
44.3027,1
44.3227,3
44.3427,3
44.3627,3
44.3827,3
44.4027,3
44.4227,4
44.4427,5
44.4627,5
44.4827,4
44.5027,5
44.5227,3
44.5427,2
44.5627,3
44.5827,3
44.6027,5
44.6227,4
44.6427,5
44.6627,6
44.6827,6
44.7027,3
44.7227,4
44.7427,2
44.7627,2
44.7827,3
44.8027,2
44.8227,2
44.8427,9
44.8627,4
44.8827,4
44.9027,1
44.9227,4
44.9427,8
44.9627,6
44.9827,6
45.0027,16
45.0227,2
45.0427,3
45.0627,3
45.0827,5
45.1027,3
45.1227,2
45.1427,1
45.1627,4
45.1827,6
45.2027,3
45.2227,3
45.2427,3
45.2627,4
45.2827,3
45.3027,0
45.3227,2
45.3427,3
45.3627,2
45.3827,4
45.4027,2
45.4227,3
45.4427,4
45.4627,3
45.4827,8
45.5027,1
45.5227,2
45.5427,3
45.5627,4
45.5827,6
45.6027,4
45.6227,2
45.6427,5
45.6627,3
45.6827,2
45.7027,3
45.7227,1
45.7427,2
45.7627,3
45.7827,3
45.8027,4
45.8227,7
45.8427,5
45.8627,2
45.8827,7
45.9027,4
45.9227,3
45.9427,2
45.9627,7
45.9827,7
46.0027,3
46.0227,6
46.0427,4
46.0627,6
46.0827,1
46.1027,0
46.1227,5
46.1427,3
46.1627,2
46.1827,2
46.2027,3
46.2227,2
46.2427,2
46.2627,3
46.2827,4
46.3027,3
46.3227,1
46.3427,6
46.3627,4
46.3827,4
46.4027,0
46.4227,3
46.4427,6
46.4627,3
46.4827,5
46.5027,2
46.5227,2
46.5427,6
46.5627,3
46.5827,4
46.6027,3
46.6227,1
46.6427,2
46.6627,6
46.6827,1
46.7027,3
46.7227,2
46.7427,1
46.7627,3
46.7827,1
46.8027,4
46.8227,2
46.8427,4
46.8627,5
46.8827,4
46.9027,2
46.9227,1
46.9427,5
46.9627,6
46.9827,2
47.0027,4
47.0227,1
47.0427,4
47.0627,1
47.0827,5
47.1027,3
47.1227,5
47.1427,5
47.1627,7
47.1827,0
47.2027,0
47.2227,5
47.2427,1
47.2627,2
47.2827,3
47.3027,2
47.3227,3
47.3427,1
47.3627,2
47.3827,5
47.4027,4
47.4227,5
47.4427,4
47.4627,2
47.4827,4
47.5027,4
47.5227,1
47.5427,1
47.5627,5
47.5827,4
47.6027,2
47.6227,5
47.6427,2
47.6627,2
47.6827,1
47.7027,4
47.7227,3
47.7427,3
47.7627,2
47.7827,6
47.8027,3
47.8227,3
47.8427,0
47.8627,1
47.8827,2
47.9027,9
47.9227,45
47.9427,214
47.9627,625
47.9827,951
48.0027,839
48.0227,472
48.0427,260
48.0627,125
48.0827,70
48.1027,43
48.1227,34
48.1427,38
48.1627,25
48.1827,21
48.2027,20
48.2227,18
48.2427,15
48.2627,17
48.2827,16
48.3027,10
48.3227,11
48.3427,19
48.3627,19
48.3827,16
48.4027,16
48.4227,17
48.4427,11
48.4627,23
48.4827,18
48.5027,6
48.5227,8
48.5427,9
48.5627,10
48.5827,7
48.6027,12
48.6227,9
48.6427,9
48.6627,4
48.6827,6
48.7027,3
48.7227,5
48.7427,6
48.7627,4
48.7827,2
48.8027,4
48.8227,2
48.8427,2
48.8627,2
48.8827,2
48.9027,1
48.9227,5
48.9427,18
48.9627,22
48.9827,47
49.0027,41
49.0227,36
49.0427,23
49.0627,12
49.0827,9
49.1027,9
49.1227,6
49.1427,5
49.1627,6
49.1827,5
49.2027,5
49.2227,4
49.2427,3
49.2627,7
49.2827,2
49.3027,5
49.3227,4
49.3427,1
49.3627,1
49.3827,1
49.4027,2
49.4227,3
49.4427,7
49.4627,4
49.4827,3
49.5027,3
49.5227,4
49.5427,4
49.5627,1
49.5827,1
49.6027,1
49.6227,5
49.6427,1
49.6627,3
49.6827,2
49.7027,3
49.7227,2
49.7427,4
49.7627,0
49.7827,6
49.8027,2
49.8227,2
49.8427,3
49.8627,6
49.8827,35
49.9027,126
49.9227,441
49.9427,641
49.9627,452
49.9827,186
50.0027,89
50.0227,49
50.0427,19
50.0627,11
50.0827,6
50.1027,7
50.1227,9
50.1427,5
50.1627,2
50.1827,1
50.2027,13
50.2227,5
50.2427,3
50.2627,4
50.2827,4
50.3027,2
50.3227,1
50.3427,4
50.3627,4
50.3827,5
50.4027,3
50.4227,3
50.4427,6
50.4627,2
50.4827,4
50.5027,5
50.5227,1
50.5427,3
50.5627,2
50.5827,2
50.6027,3
50.6227,5
50.6427,6
50.6627,3
50.6827,2
50.7027,6
50.7227,2
50.7427,7
50.7627,1
50.7827,3
50.8027,2
50.8227,6
50.8427,2
50.8627,2
50.8827,4
50.9027,3
50.9227,13
50.9427,24
50.9627,19
50.9827,20
51.0027,8
51.0227,12
51.0427,3
51.0627,5
51.0827,5
51.1027,3
51.1227,4
51.1427,3
51.1627,6
51.1827,1
51.2027,3
51.2227,6
51.2427,5
51.2627,4
51.2827,3
51.3027,2
51.3227,3
51.3427,6
51.3627,3
51.3827,2
51.4027,4
51.4227,3
51.4427,9
51.4627,9
51.4827,6
51.5027,5
51.5227,4
51.5427,3
51.5627,5
51.5827,3
51.6027,2
51.6227,3
51.6427,3
51.6627,2
51.6827,6
51.7027,3
51.7227,4
51.7427,5
51.7627,1
51.7827,5
51.8027,5
51.8227,11
51.8427,27
51.8627,181
51.8827,936
51.9027,3809
51.9227,9419
51.9427,10782
51.9627,6495
51.9827,2748
52.0027,1213
52.0227,562
52.0427,272
52.0627,152
52.0827,105
52.1027,83
52.1227,49
52.1427,57
52.1627,40
52.1827,32
52.2027,23
52.2227,19
52.2427,14
52.2627,19
52.2827,29
52.3027,14
52.3227,13
52.3427,19
52.3627,13
52.3827,9
52.4027,10
52.4227,10
52.4427,11
52.4627,9
52.4827,16
52.5027,19
52.5227,5
52.5427,10
52.5627,11
52.5827,9
52.6027,5
52.6227,10
52.6427,10
52.6627,3
52.6827,3
52.7027,7
52.7227,10
52.7427,12
52.7627,5
52.7827,6
52.8027,9
52.8227,4
52.8427,6
52.8627,24
52.8827,117
52.9027,470
52.9227,997
52.9427,1288
52.9627,760
52.9827,337
53.0027,170
53.0227,67
53.0427,42
53.0627,17
53.0827,22
53.1027,10
53.1227,11
53.1427,10
53.1627,7
53.1827,16
53.2027,11
53.2227,8
53.2427,8
53.2627,6
53.2827,5
53.3027,10
53.3227,11
53.3427,8
53.3627,6
53.3827,2
53.4027,8
53.4227,7
53.4427,6
53.4627,3
53.4827,5
53.5027,4
53.5227,7
53.5427,6
53.5627,14
53.5827,3
53.6027,4
53.6227,6
53.6427,3
53.6627,3
53.6827,3
53.7027,6
53.7227,4
53.7427,7
53.7627,4
53.7827,5
53.8027,3
53.8227,3
53.8427,4
53.8627,12
53.8827,38
53.9027,123
53.9227,268
53.9427,285
53.9627,171
53.9827,93
54.0027,39
54.0227,25
54.0427,12
54.0627,8
54.0827,6
54.1027,6
54.1227,1
54.1427,5
54.1627,3
54.1827,2
54.2027,2
54.2227,3
54.2427,4
54.2627,4
54.2827,3
54.3027,2
54.3227,6
54.3427,5
54.3627,6
54.3827,4
54.4027,6
54.4227,5
54.4427,2
54.4627,1
54.4827,4
54.5027,4
54.5227,4
54.5427,6
54.5627,0
54.5827,5
54.6027,4
54.6227,3
54.6427,2
54.6627,3
54.6827,7
54.7027,5
54.7227,8
54.7427,6
54.7627,6
54.7827,2
54.8027,2
54.8227,4
54.8427,6
54.8627,3
54.8827,9
54.9027,27
54.9227,44
54.9427,56
54.9627,40
54.9827,17
55.0027,14
55.0227,8
55.0427,6
55.0627,9
55.0827,4
55.1027,4
55.1227,7
55.1427,4
55.1627,1
55.1827,3
55.2027,2
55.2227,3
55.2427,1
55.2627,5
55.2827,6
55.3027,5
55.3227,3
55.3427,2
55.3627,3
55.3827,6
55.4027,4
55.4227,7
55.4427,3
55.4627,4
55.4827,6
55.5027,2
55.5227,2
55.5427,8
55.5627,5
55.5827,3
55.6027,1
55.6227,4
55.6427,3
55.6627,3
55.6827,3
55.7027,2
55.7227,4
55.7427,3
55.7627,4
55.7827,5
55.8027,5
55.8227,2
55.8427,1
55.8627,1
55.8827,6
55.9027,11
55.9227,14
55.9427,14
55.9627,9
55.9827,10
56.0027,5
56.0227,6
56.0427,2
56.0627,1
56.0827,5
56.1027,5
56.1227,1
56.1427,2
56.1627,2
56.1827,4
56.2027,6
56.2227,7
56.2427,4
56.2627,3
56.2827,3
56.3027,7
56.3227,5
56.3427,2
56.3627,5
56.3827,1
56.4027,1
56.4227,4
56.4427,2
56.4627,3
56.4827,3
56.5027,4
56.5227,2
56.5427,3
56.5627,3
56.5827,3
56.6027,2
56.6227,2
56.6427,3
56.6627,2
56.6827,0
56.7027,2
56.7227,3
56.7427,2
56.7627,2
56.7827,3
56.8027,5
56.8227,1
56.8427,1
56.8627,2
56.8827,3
56.9027,4
56.9227,3
56.9427,1
56.9627,4
56.9827,1
57.0027,2
57.0227,4
57.0427,5
57.0627,4
57.0827,1
57.1027,1
57.1227,3
57.1427,3
57.1627,3
57.1827,4
57.2027,3
57.2227,2
57.2427,4
57.2627,1
57.2827,1
57.3027,5
57.3227,6
57.3427,3
57.3627,2
57.3827,1
57.4027,2
57.4227,4
57.4427,1
57.4627,3
57.4827,5
57.5027,4
57.5227,2
57.5427,4
57.5627,2
57.5827,3
57.6027,3
57.6227,2
57.6427,2
57.6627,5
57.6827,2
57.7027,3
57.7227,2
57.7427,3
57.7627,3
57.7827,6
57.8027,0
57.8227,7
57.8427,3
57.8627,5
57.8827,2
57.9027,1
57.9227,3
57.9427,3
57.9627,5
57.9827,3
58.0027,3
58.0227,3
58.0427,2
58.0627,3
58.0827,1
58.1027,2
58.1227,4
58.1427,6
58.1627,3
58.1827,2
58.2027,4
58.2227,4
58.2427,8
58.2627,3
58.2827,2
58.3027,3
58.3227,3
58.3427,1
58.3627,4
58.3827,2
58.4027,0
58.4227,0
58.4427,4
58.4627,2
58.4827,3
58.5027,7
58.5227,1
58.5427,3
58.5627,7
58.5827,2
58.6027,4
58.6227,2
58.6427,2
58.6627,3
58.6827,4
58.7027,0
58.7227,5
58.7427,2
58.7627,2
58.7827,2
58.8027,2
58.8227,3
58.8427,3
58.8627,2
58.8827,4
58.9027,9
58.9227,12
58.9427,19
58.9627,31
58.9827,23
59.0027,12
59.0227,9
59.0427,2
59.0627,6
59.0827,3
59.1027,4
59.1227,0
59.1427,1
59.1627,2
59.1827,3
59.2027,1
59.2227,3
59.2427,0
59.2627,3
59.2827,4
59.3027,4
59.3227,3
59.3427,4
59.3627,2
59.3827,5
59.4027,2
59.4227,2
59.4427,6
59.4627,3
59.4827,3
59.5027,2
59.5227,1
59.5427,2
59.5627,3
59.5827,6
59.6027,5
59.6227,5
59.6427,1
59.6627,4
59.6827,2
59.7027,1
59.7227,3
59.7427,4
59.7627,1
59.7827,3
59.8027,2
59.8227,2
59.8427,1
59.8627,7
59.8827,5
59.9027,20
59.9227,41
59.9427,101
59.9627,189
59.9827,258
60.0027,237
60.0227,176
60.0427,119
60.0627,73
60.0827,39
60.1027,30
60.1227,15
60.1427,13
60.1627,10
60.1827,7
60.2027,6
60.2227,7
60.2427,7
60.2627,7
60.2827,5
60.3027,4
60.3227,7
60.3427,4
60.3627,2
60.3827,5
60.4027,3
60.4227,1
60.4427,3
60.4627,6
60.4827,2
60.5027,5
60.5227,4
60.5427,1
60.5627,1
60.5827,4
60.6027,6
60.6227,4
60.6427,3
60.6627,2
60.6827,8
60.7027,3
60.7227,4
60.7427,5
60.7627,4
60.7827,4
60.8027,4
60.8227,6
60.8427,4
60.8627,0
60.8827,5
60.9027,7
60.9227,4
60.9427,8
60.9627,17
60.9827,22
61.0027,23
61.0227,10
61.0427,5
61.0627,8
61.0827,6
61.1027,5
61.1227,5
61.1427,4
61.1627,4
61.1827,2
61.2027,2
61.2227,5
61.2427,4
61.2627,5
61.2827,4
61.3027,1
61.3227,1
61.3427,3
61.3627,2
61.3827,1
61.4027,4
61.4227,4
61.4427,2
61.4627,3
61.4827,1
61.5027,3
61.5227,3
61.5427,0
61.5627,2
61.5827,4
61.6027,2
61.6227,1
61.6427,1
61.6627,3
61.6827,2
61.7027,2
61.7227,1
61.7427,5
61.7627,4
61.7827,2
61.8027,5
61.8227,3
61.8427,4
61.8627,5
61.8827,1
61.9027,3
61.9227,7
61.9427,9
61.9627,8
61.9827,7
62.0027,4
62.0227,6
62.0427,4
62.0627,7
62.0827,3
62.1027,4
62.1227,2
62.1427,1
62.1627,0
62.1827,0
62.2027,2
62.2227,0
62.2427,2
62.2627,5
62.2827,0
62.3027,1
62.3227,3
62.3427,1
62.3627,2
62.3827,2
62.4027,6
62.4227,2
62.4427,1
62.4627,1
62.4827,0
62.5027,2
62.5227,3
62.5427,4
62.5627,3
62.5827,0
62.6027,2
62.6227,5
62.6427,3
62.6627,1
62.6827,1
62.7027,6
62.7227,3
62.7427,2
62.7627,2
62.7827,7
62.8027,5
62.8227,3
62.8427,3
62.8627,2
62.8827,6
62.9027,6
62.9227,14
62.9427,11
62.9627,6
62.9827,4
63.0027,6
63.0227,3
63.0427,5
63.0627,2
63.0827,3
63.1027,3
63.1227,1
63.1427,2
63.1627,4
63.1827,2
63.2027,4
63.2227,1
63.2427,2
63.2627,4
63.2827,1
63.3027,3
63.3227,4
63.3427,2
63.3627,2
63.3827,5
63.4027,0
63.4227,4
63.4427,3
63.4627,6
63.4827,0
63.5027,0
63.5227,5
63.5427,3
63.5627,2
63.5827,3
63.6027,2
63.6227,2
63.6427,4
63.6627,2
63.6827,3
63.7027,0
63.7227,1
63.7427,1
63.7627,2
63.7827,3
63.8027,1
63.8227,3
63.8427,6
63.8627,4
63.8827,7
63.9027,19
63.9227,37
63.9427,27
63.9627,21
63.9827,8
64.0027,8
64.0227,7
64.0427,2
64.0627,4
64.0827,3
64.1027,3
64.1227,4
64.1427,3
64.1627,4
64.1827,3
64.2027,0
64.2227,2
64.2427,2
64.2627,4
64.2827,2
64.3027,3
64.3227,1
64.3427,0
64.3627,2
64.3827,0
64.4027,4
64.4227,2
64.4427,2
64.4627,4
64.4827,3
64.5027,4
64.5227,1
64.5427,4
64.5627,4
64.5827,3
64.6027,6
64.6227,7
64.6427,3
64.6627,4
64.6827,3
64.7027,2
64.7227,1
64.7427,3
64.7627,2
64.7827,1
64.8027,2
64.8227,3
64.8427,2
64.8627,2
64.8827,4
64.9027,5
64.9227,9
64.9427,12
64.9627,5
64.9827,3
65.0027,2
65.0227,3
65.0427,5
65.0627,3
65.0827,2
65.1027,2
65.1227,1
65.1427,1
65.1627,2
65.1827,5
65.2027,2
65.2227,2
65.2427,2
65.2627,0
65.2827,3
65.3027,2
65.3227,4
65.3427,6
65.3627,6
65.3827,2
65.4027,4
65.4227,1
65.4427,4
65.4627,2
65.4827,1
65.5027,0
65.5227,1
65.5427,3
65.5627,3
65.5827,2
65.6027,3
65.6227,3
65.6427,1
65.6627,4
65.6827,2
65.7027,3
65.7227,0
65.7427,1
65.7627,5
65.7827,4
65.8027,2
65.8227,5
65.8427,3
65.8627,4
65.8827,4
65.9027,6
65.9227,20
65.9427,3
65.9627,12
65.9827,7
66.0027,4
66.0227,3
66.0427,4
66.0627,5
66.0827,3
66.1027,2
66.1227,3
66.1427,2
66.1627,3
66.1827,5
66.2027,7
66.2227,4
66.2427,4
66.2627,2
66.2827,2
66.3027,4
66.3227,2
66.3427,1
66.3627,3
66.3827,0
66.4027,5
66.4227,0
66.4427,4
66.4627,3
66.4827,0
66.5027,1
66.5227,1
66.5427,4
66.5627,1
66.5827,6
66.6027,2
66.6227,3
66.6427,6
66.6627,3
66.6827,3
66.7027,3
66.7227,5
66.7427,2
66.7627,2
66.7827,4
66.8027,1
66.8227,2
66.8427,4
66.8627,2
66.8827,2
66.9027,2
66.9227,3
66.9427,4
66.9627,3
66.9827,6
67.0027,3
67.0227,2
67.0427,1
67.0627,4
67.0827,1
67.1027,1
67.1227,2
67.1427,4
67.1627,1
67.1827,1
67.2027,4
67.2227,2
67.2427,2
67.2627,0
67.2827,0
67.3027,1
67.3227,4
67.3427,3
67.3627,6
67.3827,0
67.4027,1
67.4227,4
67.4427,2
67.4627,1
67.4827,2
67.5027,1
67.5227,0
67.5427,6
67.5627,3
67.5827,0
67.6027,3
67.6227,1
67.6427,5
67.6627,0
67.6827,0
67.7027,2
67.7227,3
67.7427,2
67.7627,2
67.7827,4
67.8027,2
67.8227,2
67.8427,6
67.8627,7
67.8827,20
67.9027,51
67.9227,33
67.9427,52
67.9627,30
67.9827,34
68.0027,17
68.0227,7
68.0427,5
68.0627,3
68.0827,3
68.1027,3
68.1227,2
68.1427,4
68.1627,3
68.1827,3
68.2027,3
68.2227,0
68.2427,3
68.2627,2
68.2827,2
68.3027,3
68.3227,5
68.3427,4
68.3627,5
68.3827,3
68.4027,2
68.4227,4
68.4427,2
68.4627,3
68.4827,5
68.5027,0
68.5227,2
68.5427,2
68.5627,1
68.5827,1
68.6027,2
68.6227,4
68.6427,1
68.6627,3
68.6827,3
68.7027,1
68.7227,1
68.7427,1
68.7627,2
68.7827,3
68.8027,3
68.8227,4
68.8427,4
68.8627,6
68.8827,15
68.9027,15
68.9227,30
68.9427,33
68.9627,23
68.9827,11
69.0027,11
69.0227,7
69.0427,11
69.0627,5
69.0827,1
69.1027,4
69.1227,5
69.1427,2
69.1627,2
69.1827,2
69.2027,1
69.2227,2
69.2427,4
69.2627,3
69.2827,4
69.3027,4
69.3227,2
69.3427,0
69.3627,2
69.3827,1
69.4027,6
69.4227,2
69.4427,4
69.4627,2
69.4827,2
69.5027,6
69.5227,1
69.5427,2
69.5627,1
69.5827,0
69.6027,1
69.6227,1
69.6427,5
69.6627,2
69.6827,0
69.7027,1
69.7227,5
69.7427,4
69.7627,1
69.7827,2
69.8027,3
69.8227,2
69.8427,3
69.8627,3
69.8827,0
69.9027,4
69.9227,7
69.9427,4
69.9627,5
69.9827,3
70.0027,4
70.0227,6
70.0427,3
70.0627,1
70.0827,3
70.1027,7
70.1227,2
70.1427,1
70.1627,2
70.1827,4
70.2027,2
70.2227,5
70.2427,4
70.2627,4
70.2827,1
70.3027,3
70.3227,5
70.3427,3
70.3627,2
70.3827,2
70.4027,6
70.4227,2
70.4427,0
70.4627,2
70.4827,2
70.5027,2
70.5227,1
70.5427,2
70.5627,2
70.5827,3
70.6027,3
70.6227,3
70.6427,2
70.6627,1
70.6827,1
70.7027,1
70.7227,1
70.7427,3
70.7627,3
70.7827,4
70.8027,1
70.8227,1
70.8427,2
70.8627,3
70.8827,3
70.9027,0
70.9227,4
70.9427,4
70.9627,7
70.9827,4
71.0027,3
71.0227,2
71.0427,1
71.0627,2
71.0827,3
71.1027,5
71.1227,4
71.1427,1
71.1627,0
71.1827,3
71.2027,3
71.2227,0
71.2427,4
71.2627,4
71.2827,4
71.3027,6
71.3227,3
71.3427,2
71.3627,3
71.3827,3
71.4027,3
71.4227,5
71.4427,2
71.4627,1
71.4827,4
71.5027,3
71.5227,3
71.5427,4
71.5627,2
71.5827,4
71.6027,2
71.6227,1
71.6427,2
71.6627,1
71.6827,2
71.7027,4
71.7227,2
71.7427,1
71.7627,3
71.7827,2
71.8027,4
71.8227,4
71.8427,3
71.8627,2
71.8827,4
71.9027,4
71.9227,11
71.9427,13
71.9627,12
71.9827,32
72.0027,47
72.0227,41
72.0427,15
72.0627,18
72.0827,14
72.1027,15
72.1227,14
72.1427,7
72.1627,7
72.1827,2
72.2027,6
72.2227,4
72.2427,1
72.2627,2
72.2827,3
72.3027,5
72.3227,2
72.3427,5
72.3627,3
72.3827,5
72.4027,4
72.4227,2
72.4427,4
72.4627,1
72.4827,2
72.5027,2
72.5227,2
72.5427,1
72.5627,1
72.5827,4
72.6027,6
72.6227,4
72.6427,0
72.6627,2
72.6827,1
72.7027,2
72.7227,3
72.7427,1
72.7627,1
72.7827,1
72.8027,2
72.8227,2
72.8427,2
72.8627,1
72.8827,2
72.9027,2
72.9227,2
72.9427,0
72.9627,3
72.9827,4
73.0027,3
73.0227,3
73.0427,3
73.0627,3
73.0827,4
73.1027,1
73.1227,2
73.1427,3
73.1627,3
73.1827,2
73.2027,4
73.2227,4
73.2427,0
73.2627,1
73.2827,3
73.3027,4
73.3227,3
73.3427,3
73.3627,4
73.3827,2
73.4027,3
73.4227,3
73.4427,1
73.4627,2
73.4827,3
73.5027,2
73.5227,5
73.5427,0
73.5627,7
73.5827,4
73.6027,5
73.6227,2
73.6427,1
73.6627,3
73.6827,1
73.7027,1
73.7227,3
73.7427,2
73.7627,0
73.7827,6
73.8027,1
73.8227,3
73.8427,4
73.8627,3
73.8827,2
73.9027,2
73.9227,7
73.9427,3
73.9627,2
73.9827,4
74.0027,4
74.0227,0
74.0427,1
74.0627,3
74.0827,0
74.1027,3
74.1227,2
74.1427,1
74.1627,1
74.1827,2
74.2027,8
74.2227,1
74.2427,2
74.2627,2
74.2827,1
74.3027,1
74.3227,2
74.3427,3
74.3627,3
74.3827,1
74.4027,2
74.4227,2
74.4427,4
74.4627,4
74.4827,0
74.5027,4
74.5227,3
74.5427,1
74.5627,2
74.5827,2
74.6027,3
74.6227,5
74.6427,0
74.6627,5
74.6827,2
74.7027,2
74.7227,4
74.7427,1
74.7627,2
74.7827,2
74.8027,4
74.8227,3
74.8427,3
74.8627,2
74.8827,2
74.9027,1
74.9227,2
74.9427,1
74.9627,3
74.9827,1
75.0027,4
75.0227,0
75.0427,1
75.0627,2
75.0827,3
75.1027,0
75.1227,0
75.1427,1
75.1627,2
75.1827,4
75.2027,1
75.2227,3
75.2427,3
75.2627,3
75.2827,0
75.3027,1
75.3227,1
75.3427,2
75.3627,1
75.3827,1
75.4027,1
75.4227,3
75.4427,0
75.4627,3
75.4827,1
75.5027,1
75.5227,2
75.5427,7
75.5627,3
75.5827,1
75.6027,2
75.6227,0
75.6427,1
75.6627,8
75.6827,4
75.7027,3
75.7227,3
75.7427,3
75.7627,4
75.7827,3
75.8027,1
75.8227,0
75.8427,1
75.8627,3
75.8827,4
75.9027,1
75.9227,2
75.9427,3
75.9627,4
75.9827,3
76.0027,2
76.0227,3
76.0427,3
76.0627,4
76.0827,2
76.1027,0
76.1227,2
76.1427,3
76.1627,8
76.1827,2
76.2027,3
76.2227,3
76.2427,0
76.2627,1
76.2827,2
76.3027,3
76.3227,0
76.3427,1
76.3627,0
76.3827,2
76.4027,1
76.4227,1
76.4427,1
76.4627,2
76.4827,2
76.5027,1
76.5227,5
76.5427,3
76.5627,1
76.5827,2
76.6027,2
76.6227,2
76.6427,4
76.6627,3
76.6827,3
76.7027,0
76.7227,0
76.7427,2
76.7627,1
76.7827,2
76.8027,5
76.8227,4
76.8427,5
76.8627,1
76.8827,2
76.9027,4
76.9227,1
76.9427,1
76.9627,0
76.9827,5
77.0027,3
77.0227,1
77.0427,4
77.0627,3
77.0827,1
77.1027,2
77.1227,1
77.1427,4
77.1627,5
77.1827,0
77.2027,2
77.2227,2
77.2427,0
77.2627,2
77.2827,3
77.3027,1
77.3227,3
77.3427,2
77.3627,2
77.3827,3
77.4027,3
77.4227,2
77.4427,1
77.4627,1
77.4827,1
77.5027,0
77.5227,3
77.5427,2
77.5627,2
77.5827,0
77.6027,0
77.6227,0
77.6427,0
77.6627,0
77.6827,3
77.7027,4
77.7227,3
77.7427,3
77.7627,3
77.7827,2
77.8027,0
77.8227,0
77.8427,3
77.8627,3
77.8827,1
77.9027,4
77.9227,6
77.9427,3
77.9627,2
77.9827,2
78.0027,1
78.0227,2
78.0427,1
78.0627,1
78.0827,0
78.1027,4
78.1227,4
78.1427,1
78.1627,2
78.1827,0
78.2027,1
78.2227,2
78.2427,1
78.2627,4
78.2827,2
78.3027,2
78.3227,2
78.3427,2
78.3627,0
78.3827,2
78.4027,0
78.4227,5
78.4427,2
78.4627,4
78.4827,0
78.5027,2
78.5227,3
78.5427,0
78.5627,1
78.5827,5
78.6027,2
78.6227,0
78.6427,2
78.6627,3
78.6827,5
78.7027,1
78.7227,4
78.7427,1
78.7627,2
78.7827,3
78.8027,1
78.8227,4
78.8427,6
78.8627,5
78.8827,4
78.9027,3
78.9227,3
78.9427,3
78.9627,2
78.9827,1
79.0027,6
79.0227,2
79.0427,1
79.0627,5
79.0827,3
79.1027,2
79.1227,1
79.1427,2
79.1627,1
79.1827,2
79.2027,2
79.2227,1
79.2427,3
79.2627,4
79.2827,2
79.3027,2
79.3227,3
79.3427,2
79.3627,2
79.3827,0
79.4027,1
79.4227,1
79.4427,2
79.4627,3
79.4827,1
79.5027,1
79.5227,3
79.5427,0
79.5627,2
79.5827,2
79.6027,2
79.6227,1
79.6427,2
79.6627,1
79.6827,3
79.7027,1
79.7227,2
79.7427,1
79.7627,4
79.7827,4
79.8027,2
79.8227,3
79.8427,2
79.8627,2
79.8827,1
79.9027,2
79.9227,1
79.9427,4
79.9627,3
79.9827,1
80.0027,3
80.0227,0
80.0427,3
80.0627,2
80.0827,2
80.1027,2
80.1227,4
80.1427,4
80.1627,3
80.1827,3
80.2027,1
80.2227,0
80.2427,4
80.2627,2
80.2827,4
80.3027,1
80.3227,4
80.3427,2
80.3627,3
80.3827,9
80.4027,5
80.4227,0
80.4427,3
80.4627,1
80.4827,3
80.5027,1
80.5227,1
80.5427,2
80.5627,2
80.5827,2
80.6027,1
80.6227,2
80.6427,6
80.6627,1
80.6827,1
80.7027,2
80.7227,0
80.7427,0
80.7627,5
80.7827,1
80.8027,2
80.8227,2
80.8427,2
80.8627,2
80.8827,1
80.9027,0
80.9227,3
80.9427,2
80.9627,2
80.9827,1
81.0027,0
81.0227,2
81.0427,5
81.0627,1
81.0827,2
81.1027,1
81.1227,3
81.1427,3
81.1627,1
81.1827,0
81.2027,5
81.2227,1
81.2427,2
81.2627,2
81.2827,2
81.3027,3
81.3227,3
81.3427,1
81.3627,3
81.3827,0
81.4027,1
81.4227,3
81.4427,5
81.4627,2
81.4827,3
81.5027,4
81.5227,4
81.5427,2
81.5627,0
81.5827,3
81.6027,0
81.6227,0
81.6427,0
81.6627,2
81.6827,3
81.7027,0
81.7227,3
81.7427,3
81.7627,0
81.7827,1
81.8027,2
81.8227,4
81.8427,3
81.8627,0
81.8827,2
81.9027,5
81.9227,4
81.9427,1
81.9627,5
81.9827,3
82.0027,1
82.0227,3
82.0427,0
82.0627,3
82.0827,0
82.1027,4
82.1227,0
82.1427,1
82.1627,2
82.1827,2
82.2027,0
82.2227,2
82.2427,4
82.2627,2
82.2827,3
82.3027,1
82.3227,2
82.3427,0
82.3627,3
82.3827,0
82.4027,2
82.4227,4
82.4427,0
82.4627,2
82.4827,1
82.5027,2
82.5227,1
82.5427,1
82.5627,3
82.5827,2
82.6027,1
82.6227,1
82.6427,2
82.6627,3
82.6827,1
82.7027,3
82.7227,0
82.7427,1
82.7627,4
82.7827,2
82.8027,3
82.8227,0
82.8427,2
82.8627,1
82.8827,1
82.9027,3
82.9227,1
82.9427,2
82.9627,2
82.9827,1
83.0027,0
83.0227,4
83.0427,2
83.0627,0
83.0827,4
83.1027,3
83.1227,2
83.1427,0
83.1627,7
83.1827,3
83.2027,3
83.2227,0
83.2427,1
83.2627,4
83.2827,0
83.3027,2
83.3227,3
83.3427,1
83.3627,1
83.3827,2
83.4027,3
83.4227,0
83.4427,1
83.4627,1
83.4827,2
83.5027,1
83.5227,4
83.5427,3
83.5627,0
83.5827,0
83.6027,1
83.6227,0
83.6427,0
83.6627,2
83.6827,1
83.7027,2
83.7227,2
83.7427,2
83.7627,3
83.7827,4
83.8027,2
83.8227,3
83.8427,1
83.8627,12
83.8827,12
83.9027,15
83.9227,21
83.9427,9
83.9627,8
83.9827,9
84.0027,6
84.0227,7
84.0427,10
84.0627,4
84.0827,4
84.1027,5
84.1227,4
84.1427,6
84.1627,5
84.1827,3
84.2027,2
84.2227,3
84.2427,4
84.2627,2
84.2827,3
84.3027,4
84.3227,3
84.3427,2
84.3627,1
84.3827,3
84.4027,1
84.4227,3
84.4427,2
84.4627,3
84.4827,4
84.5027,3
84.5227,2
84.5427,2
84.5627,2
84.5827,1
84.6027,3
84.6227,4
84.6427,2
84.6627,2
84.6827,0
84.7027,1
84.7227,2
84.7427,3
84.7627,0
84.7827,0
84.8027,4
84.8227,3
84.8427,0
84.8627,4
84.8827,5
84.9027,9
84.9227,2
84.9427,6
84.9627,2
84.9827,3
85.0027,8
85.0227,1
85.0427,3
85.0627,0
85.0827,3
85.1027,2
85.1227,1
85.1427,4
85.1627,0
85.1827,1
85.2027,3
85.2227,0
85.2427,3
85.2627,1
85.2827,1
85.3027,2
85.3227,3
85.3427,2
85.3627,3
85.3827,1
85.4027,2
85.4227,2
85.4427,0
85.4627,0
85.4827,3
85.5027,2
85.5227,0
85.5427,3
85.5627,6
85.5827,1
85.6027,0
85.6227,3
85.6427,1
85.6627,1
85.6827,4
85.7027,2
85.7227,0
85.7427,3
85.7627,0
85.7827,3
85.8027,2
85.8227,2
85.8427,4
85.8627,4
85.8827,5
85.9027,4
85.9227,5
85.9427,4
85.9627,2
85.9827,6
86.0027,5
86.0227,2
86.0427,3
86.0627,1
86.0827,0
86.1027,1
86.1227,2
86.1427,1
86.1627,4
86.1827,0
86.2027,3
86.2227,3
86.2427,0
86.2627,1
86.2827,4
86.3027,2
86.3227,7
86.3427,2
86.3627,2
86.3827,1
86.4027,1
86.4227,1
86.4427,2
86.4627,1
86.4827,5
86.5027,1
86.5227,1
86.5427,3
86.5627,1
86.5827,2
86.6027,2
86.6227,2
86.6427,1
86.6627,0
86.6827,0
86.7027,3
86.7227,2
86.7427,1
86.7627,0
86.7827,5
86.8027,0
86.8227,1
86.8427,2
86.8627,1
86.8827,0
86.9027,3
86.9227,0
86.9427,2
86.9627,5
86.9827,1
87.0027,0
87.0227,2
87.0427,2
87.0627,0
87.0827,4
87.1027,4
87.1227,1
87.1427,1
87.1627,1
87.1827,2
87.2027,2
87.2227,5
87.2427,2
87.2627,1
87.2827,3
87.3027,2
87.3227,2
87.3427,2
87.3627,2
87.3827,2
87.4027,0
87.4227,2
87.4427,4
87.4627,1
87.4827,3
87.5027,2
87.5227,3
87.5427,0
87.5627,0
87.5827,0
87.6027,1
87.6227,2
87.6427,1
87.6627,4
87.6827,1
87.7027,1
87.7227,1
87.7427,2
87.7627,4
87.7827,3
87.8027,3
87.8227,1
87.8427,2
87.8627,2
87.8827,0
87.9027,1
87.9227,2
87.9427,3
87.9627,1
87.9827,5
88.0027,3
88.0227,2
88.0427,2
88.0627,0
88.0827,3
88.1027,1
88.1227,1
88.1427,2
88.1627,5
88.1827,3
88.2027,1
88.2227,1
88.2427,2
88.2627,1
88.2827,4
88.3027,1
88.3227,3
88.3427,5
88.3627,1
88.3827,4
88.4027,3
88.4227,2
88.4427,0
88.4627,2
88.4827,1
88.5027,1
88.5227,1
88.5427,1
88.5627,1
88.5827,2
88.6027,1
88.6227,1
88.6427,1
88.6627,4
88.6827,2
88.7027,0
88.7227,4
88.7427,4
88.7627,1
88.7827,3
88.8027,4
88.8227,0
88.8427,4
88.8627,3
88.8827,0
88.9027,2
88.9227,2
88.9427,2
88.9627,0
88.9827,1
89.0027,0
89.0227,1
89.0427,1
89.0627,0
89.0827,3
89.1027,4
89.1227,1
89.1427,2
89.1627,3
89.1827,3
89.2027,1
89.2227,3
89.2427,2
89.2627,3
89.2827,1
89.3027,2
89.3227,1
89.3427,1
89.3627,2
89.3827,1
89.4027,2
89.4227,3
89.4427,0
89.4627,1
89.4827,3
89.5027,2
89.5227,0
89.5427,1
89.5627,2
89.5827,1
89.6027,2
89.6227,5
89.6427,0
89.6627,2
89.6827,2
89.7027,2
89.7227,2
89.7427,4
89.7627,2
89.7827,4
89.8027,3
89.8227,1
89.8427,2
89.8627,3
89.8827,4
89.9027,1
89.9227,5
89.9427,1
89.9627,6
89.9827,1
90.0027,0
90.0227,3
90.0427,1
90.0627,3
90.0827,5
90.1027,1
90.1227,1
90.1427,0
90.1627,2
90.1827,3
90.2027,0
90.2227,2
90.2427,1
90.2627,5
90.2827,2
90.3027,2
90.3227,2
90.3427,1
90.3627,2
90.3827,2
90.4027,1
90.4227,4
90.4427,4
90.4627,1
90.4827,0
90.5027,5
90.5227,2
90.5427,3
90.5627,3
90.5827,5
90.6027,1
90.6227,3
90.6427,1
90.6627,4
90.6827,3
90.7027,3
90.7227,3
90.7427,1
90.7627,1
90.7827,2
90.8027,6
90.8227,3
90.8427,2
90.8627,4
90.8827,1
90.9027,2
90.9227,1
90.9427,2
90.9627,4
90.9827,0
91.0027,0
91.0227,2
91.0427,3
91.0627,1
91.0827,3
91.1027,1
91.1227,2
91.1427,1
91.1627,3
91.1827,2
91.2027,3
91.2227,3
91.2427,1
91.2627,0
91.2827,1
91.3027,4
91.3227,2
91.3427,2
91.3627,3
91.3827,1
91.4027,1
91.4227,4
91.4427,2
91.4627,3
91.4827,2
91.5027,4
91.5227,2
91.5427,3
91.5627,0
91.5827,0
91.6027,1
91.6227,2
91.6427,3
91.6627,2
91.6827,1
91.7027,2
91.7227,4
91.7427,3
91.7627,5
91.7827,1
91.8027,0
91.8227,1
91.8427,3
91.8627,2
91.8827,4
91.9027,0
91.9227,2
91.9427,1
91.9627,4
91.9827,3
92.0027,1
92.0227,1
92.0427,3
92.0627,0
92.0827,1
92.1027,4
92.1227,1
92.1427,2
92.1627,2
92.1827,1
92.2027,3
92.2227,2
92.2427,4
92.2627,4
92.2827,0
92.3027,1
92.3227,1
92.3427,1
92.3627,3
92.3827,1
92.4027,1
92.4227,1
92.4427,1
92.4627,1
92.4827,2
92.5027,0
92.5227,4
92.5427,2
92.5627,1
92.5827,3
92.6027,1
92.6227,1
92.6427,2
92.6627,0
92.6827,0
92.7027,5
92.7227,1
92.7427,2
92.7627,3
92.7827,1
92.8027,0
92.8227,1
92.8427,4
92.8627,1
92.8827,2
92.9027,1
92.9227,5
92.9427,2
92.9627,2
92.9827,3
93.0027,2
93.0227,4
93.0427,2
93.0627,3
93.0827,1
93.1027,0
93.1227,0
93.1427,0
93.1627,1
93.1827,4
93.2027,1
93.2227,0
93.2427,3
93.2627,2
93.2827,1
93.3027,3
93.3227,1
93.3427,1
93.3627,3
93.3827,3
93.4027,2
93.4227,2
93.4427,0
93.4627,3
93.4827,2
93.5027,1
93.5227,3
93.5427,1
93.5627,2
93.5827,4
93.6027,0
93.6227,3
93.6427,3
93.6627,1
93.6827,1
93.7027,5
93.7227,3
93.7427,1
93.7627,2
93.7827,3
93.8027,2
93.8227,1
93.8427,3
93.8627,3
93.8827,2
93.9027,2
93.9227,4
93.9427,4
93.9627,1
93.9827,2
94.0027,2
94.0227,0
94.0427,2
94.0627,4
94.0827,1
94.1027,3
94.1227,2
94.1427,2
94.1627,2
94.1827,3
94.2027,1
94.2227,2
94.2427,1
94.2627,5
94.2827,1
94.3027,6
94.3227,0
94.3427,2
94.3627,4
94.3827,1
94.4027,3
94.4227,3
94.4427,1
94.4627,1
94.4827,0
94.5027,4
94.5227,0
94.5427,2
94.5627,1
94.5827,1
94.6027,2
94.6227,0
94.6427,1
94.6627,3
94.6827,5
94.7027,2
94.7227,2
94.7427,1
94.7627,1
94.7827,2
94.8027,0
94.8227,4
94.8427,3
94.8627,2
94.8827,0
94.9027,1
94.9227,1
94.9427,1
94.9627,5
94.9827,1
95.0027,2
95.0227,3
95.0427,1
95.0627,1
95.0827,0
95.1027,1
95.1227,3
95.1427,4
95.1627,3
95.1827,1
95.2027,0
95.2227,1
95.2427,0
95.2627,0
95.2827,4
95.3027,1
95.3227,0
95.3427,1
95.3627,3
95.3827,1
95.4027,1
95.4227,5
95.4427,3
95.4627,1
95.4827,2
95.5027,1
95.5227,0
95.5427,5
95.5627,1
95.5827,2
95.6027,0
95.6227,3
95.6427,3
95.6627,0
95.6827,2
95.7027,2
95.7227,4
95.7427,5
95.7627,3
95.7827,1
95.8027,1
95.8227,5
95.8427,3
95.8627,2
95.8827,1
95.9027,2
95.9227,3
95.9427,2
95.9627,3
95.9827,1
96.0027,5
96.0227,2
96.0427,0
96.0627,2
96.0827,2
96.1027,3
96.1227,1
96.1427,2
96.1627,0
96.1827,1
96.2027,2
96.2227,3
96.2427,3
96.2627,5
96.2827,5
96.3027,3
96.3227,3
96.3427,3
96.3627,0
96.3827,0
96.4027,0
96.4227,0
96.4427,0
96.4627,0
96.4827,1
96.5027,2
96.5227,3
96.5427,2
96.5627,3
96.5827,1
96.6027,3
96.6227,1
96.6427,0
96.6627,4
96.6827,1
96.7027,0
96.7227,1
96.7427,0
96.7627,1
96.7827,3
96.8027,2
96.8227,1
96.8427,3
96.8627,4
96.8827,6
96.9027,1
96.9227,1
96.9427,0
96.9627,2
96.9827,3
97.0027,2
97.0227,3
97.0427,1
97.0627,2
97.0827,2
97.1027,3
97.1227,2
97.1427,2
97.1627,1
97.1827,2
97.2027,2
97.2227,2
97.2427,3
97.2627,1
97.2827,5
97.3027,2
97.3227,0
97.3427,3
97.3627,3
97.3827,0
97.4027,1
97.4227,4
97.4427,1
97.4627,1
97.4827,0
97.5027,0
97.5227,0
97.5427,1
97.5627,1
97.5827,1
97.6027,2
97.6227,1
97.6427,1
97.6627,4
97.6827,2
97.7027,0
97.7227,2
97.7427,1
97.7627,0
97.7827,1
97.8027,1
97.8227,1
97.8427,1
97.8627,1
97.8827,1
97.9027,0
97.9227,0
97.9427,1
97.9627,2
97.9827,3
98.0027,0
98.0227,2
98.0427,3
98.0627,3
98.0827,2
98.1027,3
98.1227,2
98.1427,3
98.1627,2
98.1827,1
98.2027,2
98.2227,2
98.2427,0
98.2627,2
98.2827,1
98.3027,3
98.3227,1
98.3427,2
98.3627,1
98.3827,2
98.4027,4
98.4227,1
98.4427,1
98.4627,0
98.4827,3
98.5027,0
98.5227,1
98.5427,2
98.5627,1
98.5827,1
98.6027,2
98.6227,1
98.6427,0
98.6627,0
98.6827,6
98.7027,4
98.7227,0
98.7427,0
98.7627,2
98.7827,2
98.8027,1
98.8227,2
98.8427,3
98.8627,1
98.8827,5
98.9027,2
98.9227,1
98.9427,2
98.9627,1
98.9827,3
99.0027,1
99.0227,2
99.0427,4
99.0627,3
99.0827,1
99.1027,1
99.1227,2
99.1427,2
99.1627,2
99.1827,3
99.2027,1
99.2227,1
99.2427,5
99.2627,2
99.2827,1
99.3027,0
99.3227,0
99.3427,2
99.3627,2
99.3827,4
99.4027,3
99.4227,3
99.4427,0
99.4627,4
99.4827,1
99.5027,1
99.5227,3
99.5427,1
99.5627,1
99.5827,1
99.6027,0
99.6227,1
99.6427,0
99.6627,2
99.6827,4
99.7027,1
99.7227,2
99.7427,1
99.7627,3
99.7827,1
99.8027,3
99.8227,3
99.8427,1
99.8627,2
99.8827,1
99.9027,2
99.9227,0
99.9427,7
99.9627,2
99.9827,1
100.003,5
100.023,5
100.043,1
100.063,1
100.083,5
100.103,2
100.123,2
100.143,2
100.163,1
100.183,2
100.203,0
100.223,2
100.243,2
100.263,5
100.283,1
100.303,0
100.323,0
100.343,1
100.363,1
100.383,2
100.403,1
100.423,1
100.443,2
100.463,0
100.483,3
100.503,1
100.523,2
100.543,4
100.563,1
100.583,0
100.603,1
100.623,1
100.643,1
100.663,3
100.683,2
100.703,4
100.723,1
100.743,1
100.763,3
100.783,3
100.803,1
100.823,0
100.843,3
100.863,2
100.883,2
100.903,1
100.923,2
100.943,3
100.963,2
100.983,6
101.003,1
101.023,0
101.043,5
101.063,1
101.083,1
101.103,1
101.123,1
101.143,1
101.163,0
101.183,1
101.203,3
101.223,0
101.243,1
101.263,0
101.283,5
101.303,2
101.323,0
101.343,0
101.363,1
101.383,1
101.403,2
101.423,1
101.443,0
101.463,1
101.483,0
101.503,3
101.523,3
101.543,1
101.563,1
101.583,4
101.603,2
101.623,0
101.643,1
101.663,0
101.683,1
101.703,2
101.723,3
101.743,1
101.763,0
101.783,3
101.803,0
101.823,1
101.843,2
101.863,2
101.883,4
101.903,0
101.923,5
101.943,3
101.963,2
101.983,0
102.003,1
102.023,2
102.043,0
102.063,2
102.083,2
102.103,0
102.123,2
102.143,1
102.163,2
102.183,0
102.203,2
102.223,2
102.243,0
102.263,1
102.283,1
102.303,1
102.323,3
102.343,2
102.363,1
102.383,2
102.403,2
102.423,1
102.443,1
102.463,0
102.483,1
102.503,1
102.523,0
102.543,4
102.563,1
102.583,1
102.603,1
102.623,2
102.643,3
102.663,2
102.683,1
102.703,2
102.723,1
102.743,1
102.763,2
102.783,2
102.803,2
102.823,0
102.843,1
102.863,2
102.883,1
102.903,1
102.923,3
102.943,2
102.963,1
102.983,3
103.003,4
103.023,2
103.043,1
103.063,2
103.083,0
103.103,0
103.123,2
103.143,1
103.163,2
103.183,1
103.203,2
103.223,3
103.243,1
103.263,2
103.283,1
103.303,1
103.323,2
103.343,1
103.363,1
103.383,0
103.403,0
103.423,4
103.443,3
103.463,2
103.483,1
103.503,1
103.523,1
103.543,4
103.563,1
103.583,0
103.603,0
103.623,3
103.643,0
103.663,1
103.683,2
103.703,4
103.723,3
103.743,1
103.763,3
103.783,1
103.803,1
103.823,1
103.843,2
103.863,1
103.883,1
103.903,0
103.923,2
103.943,2
103.963,3
103.983,2
104.003,1
104.023,0
104.043,2
104.063,5
104.083,3
104.103,1
104.123,2
104.143,2
104.163,4
104.183,2
104.203,2
104.223,2
104.243,3
104.263,2
104.283,1
104.303,2
104.323,1
104.343,0
104.363,2
104.383,2
104.403,0
104.423,2
104.443,0
104.463,1
104.483,2
104.503,0
104.523,4
104.543,2
104.563,1
104.583,2
104.603,2
104.623,2
104.643,1
104.663,2
104.683,0
104.703,1
104.723,1
104.743,2
104.763,3
104.783,2
104.803,2
104.823,0
104.843,2
104.863,0
104.883,3
104.903,2
104.923,1
104.943,1
104.963,3
104.983,2
105.003,4
105.023,1
105.043,3
105.063,1
105.083,1
105.103,2
105.123,2
105.143,2
105.163,1
105.183,1
105.203,2
105.223,5
105.243,1
105.263,4
105.283,1
105.303,5
105.323,0
105.343,2
105.363,2
105.383,3
105.403,2
105.423,2
105.443,1
105.463,0
105.483,1
105.503,4
105.523,2
105.543,2
105.563,3
105.583,2
105.603,1
105.623,0
105.643,0
105.663,1
105.683,2
105.703,1
105.723,4
105.743,2
105.763,2
105.783,5
105.803,1
105.823,1
105.843,4
105.863,1
105.883,2
105.903,3
105.923,2
105.943,0
105.963,1
105.983,1
106.003,2
106.023,1
106.043,2
106.063,1
106.083,0
106.103,0
106.123,2
106.143,1
106.163,0
106.183,1
106.203,5
106.223,1
106.243,1
106.263,1
106.283,1
106.303,5
106.323,2
106.343,3
106.363,3
106.383,5
106.403,0
106.423,0
106.443,1
106.463,2
106.483,2
106.503,1
106.523,1
106.543,2
106.563,2
106.583,0
106.603,2
106.623,3
106.643,3
106.663,3
106.683,1
106.703,1
106.723,1
106.743,3
106.763,1
106.783,1
106.803,2
106.823,4
106.843,0
106.863,1
106.883,1
106.903,5
106.923,1
106.943,3
106.963,4
106.983,3
107.003,3
107.023,1
107.043,2
107.063,0
107.083,1
107.103,1
107.123,0
107.143,3
107.163,5
107.183,2
107.203,1
107.223,0
107.243,2
107.263,2
107.283,4
107.303,1
107.323,0
107.343,0
107.363,1
107.383,5
107.403,4
107.423,6
107.443,2
107.463,2
107.483,1
107.503,0
107.523,3
107.543,2
107.563,0
107.583,1
107.603,1
107.623,2
107.643,2
107.663,1
107.683,0
107.703,1
107.723,2
107.743,1
107.763,2
107.783,3
107.803,0
107.823,1
107.843,2
107.863,1
107.883,2
107.903,3
107.923,1
107.943,2
107.963,1
107.983,2
108.003,0
108.023,1
108.043,0
108.063,1
108.083,2
108.103,1
108.123,0
108.143,0
108.163,2
108.183,4
108.203,2
108.223,0
108.243,3
108.263,2
108.283,2
108.303,2
108.323,0
108.343,2
108.363,2
108.383,2
108.403,1
108.423,0
108.443,5
108.463,3
108.483,2
108.503,1
108.523,3
108.543,3
108.563,0
108.583,4
108.603,1
108.623,1
108.643,2
108.663,1
108.683,1
108.703,1
108.723,2
108.743,2
108.763,1
108.783,0
108.803,2
108.823,1
108.843,2
108.863,3
108.883,2
108.903,1
108.923,1
108.943,0
108.963,1
108.983,1
109.003,3
109.023,4
109.043,1
109.063,2
109.083,2
109.103,3
109.123,0
109.143,4
109.163,3
109.183,2
109.203,3
109.223,3
109.243,3
109.263,1
109.283,2
109.303,1
109.323,3
109.343,1
109.363,0
109.383,3
109.403,1
109.423,0
109.443,3
109.463,1
109.483,1
109.503,0
109.523,2
109.543,2
109.563,1
109.583,6
109.603,1
109.623,0
109.643,2
109.663,1
109.683,1
109.703,2
109.723,2
109.743,2
109.763,1
109.783,1
109.803,0
109.823,1
109.843,0
109.863,2
109.883,2
109.903,3
109.923,0
109.943,1
109.963,1
109.983,1
110.003,3
110.023,1
110.043,1
110.063,2
110.083,3
110.103,1
110.123,2
110.143,1
110.163,0
110.183,1
110.203,1
110.223,1
110.243,4
110.263,5
110.283,1
110.303,1
110.323,3
110.343,1
110.363,1
110.383,0
110.403,2
110.423,0
110.443,4
110.463,1
110.483,2
110.503,2
110.523,1
110.543,0
110.563,0
110.583,2
110.603,1
110.623,1
110.643,2
110.663,2
110.683,1
110.703,1
110.723,0
110.743,1
110.763,3
110.783,2
110.803,2
110.823,1
110.843,1
110.863,3
110.883,1
110.903,0
110.923,1
110.943,1
110.963,0
110.983,1
111.003,1
111.023,3
111.043,2
111.063,1
111.083,4
111.103,1
111.123,2
111.143,1
111.163,4
111.183,2
111.203,4
111.223,2
111.243,3
111.263,2
111.283,2
111.303,2
111.323,2
111.343,0
111.363,1
111.383,0
111.403,2
111.423,2
111.443,0
111.463,0
111.483,1
111.503,3
111.523,2
111.543,3
111.563,1
111.583,0
111.603,2
111.623,1
111.643,3
111.663,2
111.683,2
111.703,2
111.723,0
111.743,2
111.763,4
111.783,1
111.803,3
111.823,2
111.843,0
111.863,1
111.883,2
111.903,1
111.923,1
111.943,4
111.963,1
111.983,4
112.003,2
112.023,3
112.043,0
112.063,3
112.083,1
112.103,2
112.123,2
112.143,1
112.163,1
112.183,0
112.203,0
112.223,1
112.243,0
112.263,1
112.283,3
112.303,2
112.323,0
112.343,0
112.363,1
112.383,0
112.403,1
112.423,2
112.443,0
112.463,0
112.483,3
112.503,2
112.523,1
112.543,0
112.563,2
112.583,3
112.603,1
112.623,3
112.643,2
112.663,1
112.683,1
112.703,2
112.723,1
112.743,1
112.763,2
112.783,2
112.803,2
112.823,1
112.843,0
112.863,1
112.883,3
112.903,3
112.923,4
112.943,0
112.963,2
112.983,1
113.003,0
113.023,1
113.043,0
113.063,2
113.083,2
113.103,2
113.123,0
113.143,1
113.163,0
113.183,1
113.203,0
113.223,1
113.243,2
113.263,1
113.283,0
113.303,1
113.323,2
113.343,1
113.363,1
113.383,1
113.403,0
113.423,3
113.443,3
113.463,2
113.483,2
113.503,1
113.523,1
113.543,2
113.563,1
113.583,2
113.603,3
113.623,3
113.643,2
113.663,2
113.683,3
113.703,0
113.723,4
113.743,0
113.763,4
113.783,2
113.803,3
113.823,1
113.843,3
113.863,3
113.883,2
113.903,1
113.923,1
113.943,1
113.963,1
113.983,5
114.003,3
114.023,4
114.043,2
114.063,3
114.083,2
114.103,2
114.123,1
114.143,0
114.163,1
114.183,1
114.203,1
114.223,0
114.243,2
114.263,2
114.283,2
114.303,2
114.323,3
114.343,1
114.363,4
114.383,2
114.403,2
114.423,2
114.443,1
114.463,2
114.483,1
114.503,3
114.523,1
114.543,0
114.563,2
114.583,3
114.603,3
114.623,1
114.643,0
114.663,0
114.683,0
114.703,1
114.723,3
114.743,0
114.763,1
114.783,1
114.803,1
114.823,1
114.843,2
114.863,3
114.883,2
114.903,2
114.923,0
114.943,1
114.963,3
114.983,3
115.003,2
115.023,0
115.043,3
115.063,0
115.083,0
115.103,1
115.123,0
115.143,2
115.163,2
115.183,0
115.203,0
115.223,0
115.243,1
115.263,2
115.283,1
115.303,2
115.323,1
115.343,1
115.363,1
115.383,1
115.403,2
115.423,1
115.443,1
115.463,1
115.483,0
115.503,1
115.523,0
115.543,0
115.563,0
115.583,1
115.603,2
115.623,3
115.643,1
115.663,1
115.683,3
115.703,1
115.723,1
115.743,0
115.763,1
115.783,1
115.803,0
115.823,2
115.843,2
115.863,3
115.883,0
115.903,1
115.923,2
115.943,0
115.963,1
115.983,2
116.003,1
116.023,3
116.043,1
116.063,2
116.083,2
116.103,2
116.123,3
116.143,2
116.163,2
116.183,4
116.203,2
116.223,0
116.243,1
116.263,1
116.283,2
116.303,3
116.323,1
116.343,1
116.363,4
116.383,1
116.403,3
116.423,1
116.443,1
116.463,1
116.483,1
116.503,0
116.523,1
116.543,0
116.563,1
116.583,0
116.603,2
116.623,3
116.643,1
116.663,3
116.683,2
116.703,1
116.723,4
116.743,3
116.763,2
116.783,2
116.803,1
116.823,1
116.843,0
116.863,0
116.883,2
116.903,0
116.923,1
116.943,0
116.963,1
116.983,0
117.003,1
117.023,2
117.043,3
117.063,2
117.083,0
117.103,0
117.123,1
117.143,0
117.163,0
117.183,1
117.203,0
117.223,1
117.243,1
117.263,3
117.283,2
117.303,0
117.323,1
117.343,1
117.363,1
117.383,0
117.403,5
117.423,1
117.443,1
117.463,2
117.483,3
117.503,2
117.523,2
117.543,2
117.563,0
117.583,1
117.603,0
117.623,1
117.643,4
117.663,1
117.683,1
117.703,2
117.723,2
117.743,0
117.763,0
117.783,1
117.803,4
117.823,0
117.843,2
117.863,2
117.883,1
117.903,4
117.923,2
117.943,1
117.963,2
117.983,1
118.003,3
118.023,1
118.043,2
118.063,0
118.083,4
118.103,1
118.123,2
118.143,0
118.163,1
118.183,0
118.203,0
118.223,3
118.243,2
118.263,3
118.283,1
118.303,1
118.323,1
118.343,0
118.363,2
118.383,1
118.403,1
118.423,1
118.443,2
118.463,0
118.483,3
118.503,1
118.523,3
118.543,1
118.563,0
118.583,0
118.603,3
118.623,2
118.643,3
118.663,0
118.683,1
118.703,0
118.723,3
118.743,1
118.763,0
118.783,2
118.803,0
118.823,1
118.843,1
118.863,1
118.883,4
118.903,0
118.923,0
118.943,0
118.963,2
118.983,0
119.003,1
119.023,2
119.043,1
119.063,3
119.083,2
119.103,1
119.123,1
119.143,0
119.163,1
119.183,2
119.203,1
119.223,4
119.243,3
119.263,0
119.283,0
119.303,1
119.323,0
119.343,1
119.363,2
119.383,2
119.403,2
119.423,1
119.443,2
119.463,2
119.483,4
119.503,1
119.523,2
119.543,2
119.563,1
119.583,1
119.603,1
119.623,1
119.643,1
119.663,3
119.683,0
119.703,3
119.723,2
119.743,4
119.763,0
119.783,2
119.803,1
119.823,0
119.843,2
119.863,1
119.883,3
119.903,1
119.923,1
119.943,1
119.963,2
119.983,1
120.003,1
120.023,2
120.043,2
120.063,2
120.083,0
120.103,3
120.123,2
120.143,2
120.163,1
120.183,1
120.203,4
120.223,1
120.243,1
120.263,4
120.283,0
120.303,2
120.323,1
120.343,3
120.363,2
120.383,1
120.403,1
120.423,6
120.443,2
120.463,2
120.483,3
120.503,2
120.523,0
120.543,0
120.563,3
120.583,0
120.603,1
120.623,3
120.643,3
120.663,3
120.683,0
120.703,0
120.723,1
120.743,2
120.763,3
120.783,2
120.803,1
120.823,5
120.843,1
120.863,1
120.883,0
120.903,2
120.923,0
120.943,2
120.963,1
120.983,1
121.003,0
121.023,2
121.043,1
121.063,2
121.083,4
121.103,3
121.123,2
121.143,0
121.163,2
121.183,4
121.203,0
121.223,3
121.243,2
121.263,2
121.283,1
121.303,2
121.323,2
121.343,2
121.363,1
121.383,2
121.403,2
121.423,1
121.443,0
121.463,1
121.483,4
121.503,1
121.523,2
121.543,2
121.563,1
121.583,0
121.603,1
121.623,2
121.643,0
121.663,3
121.683,4
121.703,3
121.723,1
121.743,3
121.763,2
121.783,1
121.803,0
121.823,2
121.843,3
121.863,0
121.883,0
121.903,0
121.923,5
121.943,0
121.963,0
121.983,0
122.003,3
122.023,1
122.043,0
122.063,0
122.083,0
122.103,0
122.123,0
122.143,0
122.163,2
122.183,2
122.203,1
122.223,3
122.243,3
122.263,1
122.283,5
122.303,0
122.323,1
122.343,0
122.363,3
122.383,0
122.403,1
122.423,0
122.443,2
122.463,2
122.483,1
122.503,0
122.523,3
122.543,1
122.563,2
122.583,2
122.603,3
122.623,0
122.643,2
122.663,1
122.683,2
122.703,0
122.723,0
122.743,1
122.763,3
122.783,0
122.803,2
122.823,2
122.843,3
122.863,1
122.883,0
122.903,1
122.923,1
122.943,2
122.963,1
122.983,0
123.003,0
123.023,2
123.043,1
123.063,2
123.083,0
123.103,0
123.123,1
123.143,1
123.163,3
123.183,2
123.203,0
123.223,1
123.243,1
123.263,1
123.283,1
123.303,1
123.323,2
123.343,1
123.363,2
123.383,3
123.403,1
123.423,3
123.443,3
123.463,2
123.483,0
123.503,1
123.523,2
123.543,0
123.563,1
123.583,2
123.603,1
123.623,2
123.643,0
123.663,2
123.683,2
123.703,0
123.723,1
123.743,2
123.763,0
123.783,0
123.803,0
123.823,1
123.843,3
123.863,5
123.883,1
123.903,1
123.923,2
123.943,0
123.963,4
123.983,0
124.003,1
124.023,1
124.043,2
124.063,0
124.083,2
124.103,0
124.123,0
124.143,0
124.163,1
124.183,2
124.203,1
124.223,1
124.243,2
124.263,2
124.283,0
124.303,0
124.323,0
124.343,0
124.363,0
124.383,2
124.403,0
124.423,2
124.443,1
124.463,2
124.483,1
124.503,1
124.523,1
124.543,0
124.563,2
124.583,0
124.603,4
124.623,2
124.643,3
124.663,2
124.683,1
124.703,1
124.723,1
124.743,2
124.763,2
124.783,2
124.803,3
124.823,1
124.843,1
124.863,0
124.883,2
124.903,1
124.923,1
124.943,2
124.963,3
124.983,4
125.003,4
125.023,2
125.043,1
125.063,1
125.083,0
125.103,1
125.123,2
125.143,2
125.163,1
125.183,0
125.203,3
125.223,0
125.243,1
125.263,1
125.283,2
125.303,0
125.323,1
125.343,0
125.363,5
125.383,3
125.403,0
125.423,0
125.443,0
125.463,0
125.483,0
125.503,0
125.523,0
125.543,4
125.563,1
125.583,2
125.603,1
125.623,1
125.643,3
125.663,2
125.683,0
125.703,4
125.723,0
125.743,0
125.763,1
125.783,0
125.803,1
125.823,3
125.843,3
125.863,0
125.883,1
125.903,0
125.923,1
125.943,0
125.963,0
125.983,3
126.003,2
126.023,1
126.043,0
126.063,3
126.083,0
126.103,4
126.123,1
126.143,4
126.163,1
126.183,0
126.203,0
126.223,3
126.243,0
126.263,0
126.283,1
126.303,1
126.323,1
126.343,1
126.363,1
126.383,1
126.403,1
126.423,2
126.443,0
126.463,1
126.483,2
126.503,1
126.523,1
126.543,3
126.563,2
126.583,2
126.603,2
126.623,1
126.643,0
126.663,1
126.683,0
126.703,2
126.723,1
126.743,0
126.763,0
126.783,0
126.803,4
126.823,2
126.843,1
126.863,1
126.883,0
126.903,2
126.923,2
126.943,0
126.963,1
126.983,3
127.003,2
127.023,0
127.043,1
127.063,1
127.083,2
127.103,2
127.123,2
127.143,1
127.163,1
127.183,1
127.203,3
127.223,2
127.243,0
127.263,3
127.283,1
127.303,2
127.323,1
127.343,0
127.363,2
127.383,1
127.403,3
127.423,0
127.443,1
127.463,3
127.483,0
127.503,0
127.523,1
127.543,2
127.563,0
127.583,1
127.603,0
127.623,0
127.643,0
127.663,0
127.683,1
127.703,2
127.723,0
127.743,0
127.763,1
127.783,1
127.803,0
127.823,1
127.843,3
127.863,1
127.883,3
127.903,1
127.923,3
127.943,2
127.963,1
127.983,0
128.003,0
128.023,1
128.043,4
128.063,1
128.083,2
128.103,0
128.123,1
128.143,1
128.163,1
128.183,0
128.203,1
128.223,1
128.243,1
128.263,1
128.283,0
128.303,1
128.323,0
128.343,2
128.363,2
128.383,2
128.403,2
128.423,2
128.443,1
128.463,0
128.483,1
128.503,2
128.523,0
128.543,4
128.563,4
128.583,2
128.603,0
128.623,2
128.643,1
128.663,0
128.683,3
128.703,2
128.723,2
128.743,1
128.763,2
128.783,1
128.803,4
128.823,0
128.843,1
128.863,2
128.883,2
128.903,0
128.923,0
128.943,1
128.963,1
128.983,1
129.003,0
129.023,2
129.043,1
129.063,3
129.083,3
129.103,0
129.123,1
129.143,2
129.163,2
129.183,1
129.203,1
129.223,2
129.243,2
129.263,1
129.283,0
129.303,1
129.323,3
129.343,2
129.363,1
129.383,3
129.403,3
129.423,1
129.443,1
129.463,5
129.483,3
129.503,0
129.523,2
129.543,0
129.563,1
129.583,2
129.603,3
129.623,1
129.643,0
129.663,1
129.683,1
129.703,2
129.723,3
129.743,0
129.763,1
129.783,4
129.803,3
129.823,4
129.843,1
129.863,2
129.883,0
129.903,2
129.923,2
129.943,1
129.963,1
129.983,2
130.003,0
130.023,2
130.043,1
130.063,3
130.083,2
130.103,1
130.123,0
130.143,4
130.163,1
130.183,1
130.203,2
130.223,0
130.243,1
130.263,0
130.283,2
130.303,0
130.323,1
130.343,2
130.363,1
130.383,1
130.403,2
130.423,2
130.443,7
130.463,0
130.483,4
130.503,1
130.523,1
130.543,0
130.563,0
130.583,1
130.603,1
130.623,1
130.643,3
130.663,1
130.683,0
130.703,0
130.723,2
130.743,1
130.763,1
130.783,0
130.803,0
130.823,2
130.843,1
130.863,1
130.883,0
130.903,3
130.923,1
130.943,1
130.963,1
130.983,1
131.003,1
131.023,2
131.043,1
131.063,1
131.083,2
131.103,1
131.123,0
131.143,1
131.163,2
131.183,0
131.203,4
131.223,2
131.243,0
131.263,0
131.283,0
131.303,0
131.323,0
131.343,3
131.363,0
131.383,0
131.403,1
131.423,0
131.443,2
131.463,3
131.483,1
131.503,0
131.523,0
131.543,0
131.563,1
131.583,4
131.603,2
131.623,2
131.643,2
131.663,3
131.683,1
131.703,2
131.723,1
131.743,1
131.763,0
131.783,3
131.803,0
131.823,2
131.843,0
131.863,1
131.883,2
131.903,1
131.923,2
131.943,2
131.963,1
131.983,0
132.003,1
132.023,3
132.043,2
132.063,2
132.083,0
132.103,1
132.123,1
132.143,2
132.163,1
132.183,1
132.203,1
132.223,3
132.243,1
132.263,3
132.283,0
132.303,4
132.323,3
132.343,2
132.363,0
132.383,0
132.403,0
132.423,1
132.443,0
132.463,2
132.483,0
132.503,2
132.523,1
132.543,2
132.563,0
132.583,1
132.603,0
132.623,2
132.643,3
132.663,1
132.683,2
132.703,3
132.723,1
132.743,1
132.763,0
132.783,1
132.803,2
132.823,0
132.843,1
132.863,0
132.883,1
132.903,1
132.923,0
132.943,5
132.963,0
132.983,4
133.003,1
133.023,0
133.043,2
133.063,0
133.083,1
133.103,2
133.123,2
133.143,0
133.163,2
133.183,2
133.203,1
133.223,1
133.243,2
133.263,3
133.283,1
133.303,1
133.323,2
133.343,3
133.363,1
133.383,1
133.403,1
133.423,0
133.443,0
133.463,1
133.483,2
133.503,1
133.523,1
133.543,0
133.563,0
133.583,0
133.603,1
133.623,0
133.643,2
133.663,2
133.683,1
133.703,0
133.723,3
133.743,1
133.763,0
133.783,2
133.803,0
133.823,1
133.843,1
133.863,3
133.883,1
133.903,1
133.923,0
133.943,1
133.963,2
133.983,2
134.003,0
134.023,0
134.043,3
134.063,1
134.083,0
134.103,1
134.123,2
134.143,3
134.163,2
134.183,1
134.203,0
134.223,0
134.243,0
134.263,1
134.283,1
134.303,1
134.323,1
134.343,2
134.363,0
134.383,3
134.403,2
134.423,1
134.443,3
134.463,1
134.483,1
134.503,3
134.523,0
134.543,0
134.563,1
134.583,3
134.603,0
134.623,2
134.643,0
134.663,1
134.683,4
134.703,0
134.723,2
134.743,0
134.763,0
134.783,0
134.803,0
134.823,0
134.843,0
134.863,1
134.883,0
134.903,0
134.923,1
134.943,6
134.963,1
134.983,3
135.003,2
135.023,2
135.043,0
135.063,1
135.083,2
135.103,2
135.123,0
135.143,0
135.163,1
135.183,4
135.203,0
135.223,1
135.243,2
135.263,2
135.283,1
135.303,1
135.323,2
135.343,1
135.363,1
135.383,0
135.403,0
135.423,0
135.443,1
135.463,1
135.483,4
135.503,0
135.523,1
135.543,0
135.563,0
135.583,1
135.603,1
135.623,1
135.643,1
135.663,2
135.683,1
135.703,1
135.723,1
135.743,2
135.763,0
135.783,1
135.803,3
135.823,1
135.843,1
135.863,1
135.883,0
135.903,0
135.923,0
135.943,0
135.963,1
135.983,0
136.003,1
136.023,2
136.043,2
136.063,2
136.083,0
136.103,2
136.123,1
136.143,2
136.163,0
136.183,0
136.203,2
136.223,0
136.243,1
136.263,1
136.283,0
136.303,2
136.323,3
136.343,1
136.363,1
136.383,1
136.403,1
136.423,2
136.443,1
136.463,1
136.483,1
136.503,0
136.523,3
136.543,0
136.563,1
136.583,3
136.603,0
136.623,1
136.643,3
136.663,1
136.683,2
136.703,2
136.723,1
136.743,0
136.763,1
136.783,1
136.803,1
136.823,2
136.843,0
136.863,2
136.883,0
136.903,2
136.923,3
136.943,2
136.963,0
136.983,0
137.003,0
137.023,1
137.043,1
137.063,4
137.083,2
137.103,0
137.123,0
137.143,1
137.163,3
137.183,0
137.203,0
137.223,1
137.243,1
137.263,0
137.283,2
137.303,0
137.323,2
137.343,1
137.363,0
137.383,1
137.403,3
137.423,2
137.443,1
137.463,0
137.483,0
137.503,1
137.523,1
137.543,1
137.563,3
137.583,3
137.603,0
137.623,1
137.643,1
137.663,1
137.683,2
137.703,3
137.723,2
137.743,0
137.763,0
137.783,1
137.803,0
137.823,2
137.843,2
137.863,0
137.883,0
137.903,0
137.923,1
137.943,0
137.963,0
137.983,1
138.003,1
138.023,2
138.043,2
138.063,3
138.083,1
138.103,0
138.123,3
138.143,1
138.163,1
138.183,0
138.203,2
138.223,0
138.243,1
138.263,0
138.283,3
138.303,3
138.323,1
138.343,0
138.363,2
138.383,6
138.403,0
138.423,2
138.443,1
138.463,3
138.483,0
138.503,2
138.523,0
138.543,3
138.563,0
138.583,0
138.603,0
138.623,1
138.643,1
138.663,3
138.683,2
138.703,0
138.723,2
138.743,0
138.763,1
138.783,0
138.803,2
138.823,2
138.843,0
138.863,1
138.883,1
138.903,0
138.923,2
138.943,1
138.963,2
138.983,2
139.003,1
139.023,1
139.043,0
139.063,2
139.083,2
139.103,0
139.123,2
139.143,1
139.163,0
139.183,0
139.203,2
139.223,0
139.243,0
139.263,2
139.283,0
139.303,1
139.323,0
139.343,2
139.363,0
139.383,0
139.403,0
139.423,1
139.443,1
139.463,0
139.483,0
139.503,0
139.523,2
139.543,0
139.563,0
139.583,0
139.603,2
139.623,2
139.643,1
139.663,1
139.683,1
139.703,0
139.723,2
139.743,0
139.763,0
139.783,2
139.803,0
139.823,1
139.843,2
139.863,3
139.883,1
139.903,2
139.923,0
139.943,0
139.963,1
139.983,2
140.003,0
140.023,1
140.043,3
140.063,0
140.083,4
140.103,2
140.123,0
140.143,2
140.163,0
140.183,1
140.203,0
140.223,2
140.243,1
140.263,0
140.283,1
140.303,2
140.323,0
140.343,2
140.363,0
140.383,0
140.403,2
140.423,1
140.443,1
140.463,2
140.483,0
140.503,2
140.523,2
140.543,0
140.563,1
140.583,4
140.603,0
140.623,0
140.643,1
140.663,1
140.683,1
140.703,3
140.723,1
140.743,1
140.763,1
140.783,0
140.803,2
140.823,2
140.843,2
140.863,2
140.883,0
140.903,0
140.923,0
140.943,0
140.963,0
140.983,0
141.003,4
141.023,3
141.043,0
141.063,2
141.083,1
141.103,1
141.123,0
141.143,2
141.163,0
141.183,0
141.203,1
141.223,1
141.243,4
141.263,1
141.283,1
141.303,2
141.323,0
141.343,0
141.363,2
141.383,0
141.403,0
141.423,0
141.443,0
141.463,0
141.483,1
141.503,3
141.523,0
141.543,0
141.563,4
141.583,0
141.603,1
141.623,0
141.643,1
141.663,0
141.683,1
141.703,1
141.723,0
141.743,1
141.763,0
141.783,1
141.803,2
141.823,0
141.843,2
141.863,1
141.883,1
141.903,0
141.923,1
141.943,2
141.963,1
141.983,0
142.003,2
142.023,5
142.043,0
142.063,1
142.083,1
142.103,1
142.123,2
142.143,1
142.163,2
142.183,1
142.203,0
142.223,0
142.243,1
142.263,2
142.283,0
142.303,0
142.323,0
142.343,1
142.363,0
142.383,0
142.403,1
142.423,2
142.443,1
142.463,3
142.483,1
142.503,1
142.523,0
142.543,2
142.563,0
142.583,0
142.603,0
142.623,0
142.643,1
142.663,1
142.683,2
142.703,0
142.723,0
142.743,0
142.763,0
142.783,0
142.803,0
142.823,0
142.843,1
142.863,1
142.883,0
142.903,0
142.923,0
142.943,0
142.963,2
142.983,1
143.003,0
143.023,2
143.043,4
143.063,3
143.083,0
143.103,2
143.123,2
143.143,4
143.163,1
143.183,2
143.203,2
143.223,1
143.243,3
143.263,1
143.283,0
143.303,2
143.323,4
143.343,2
143.363,0
143.383,0
143.403,2
143.423,1
143.443,2
143.463,2
143.483,1
143.503,0
143.523,2
143.543,1
143.563,0
143.583,1
143.603,0
143.623,0
143.643,1
143.663,1
143.683,4
143.703,1
143.723,2
143.743,0
143.763,1
143.783,0
143.803,1
143.823,1
143.843,1
143.863,0
143.883,1
143.903,1
143.923,1
143.943,2
143.963,1
143.983,1
144.003,0
144.023,0
144.043,2
144.063,1
144.083,0
144.103,0
144.123,1
144.143,0
144.163,0
144.183,0
144.203,2
144.223,4
144.243,1
144.263,0
144.283,1
144.303,2
144.323,1
144.343,1
144.363,0
144.383,1
144.403,0
144.423,1
144.443,1
144.463,0
144.483,0
144.503,0
144.523,0
144.543,0
144.563,2
144.583,1
144.603,2
144.623,1
144.643,2
144.663,0
144.683,0
144.703,1
144.723,0
144.743,0
144.763,1
144.783,0
144.803,2
144.823,0
144.843,4
144.863,1
144.883,3
144.903,0
144.923,0
144.943,2
144.963,1
144.983,0
145.003,3
145.023,2
145.043,2
145.063,0
145.083,1
145.103,0
145.123,0
145.143,1
145.163,1
145.183,2
145.203,0
145.223,0
145.243,1
145.263,0
145.283,0
145.303,0
145.323,1
145.343,0
145.363,0
145.383,0
145.403,0
145.423,0
145.443,2
145.463,3
145.483,1
145.503,0
145.523,0
145.543,1
145.563,1
145.583,0
145.603,1
145.623,1
145.643,0
145.663,3
145.683,2
145.703,2
145.723,0
145.743,1
145.763,1
145.783,0
145.803,0
145.823,1
145.843,0
145.863,0
145.883,1
145.903,0
145.923,0
145.943,0
145.963,0
145.983,0
146.003,0
146.023,2
146.043,1
146.063,3
146.083,1
146.103,3
146.123,0
146.143,0
146.163,1
146.183,1
146.203,3
146.223,1
146.243,1
146.263,0
146.283,0
146.303,0
146.323,0
146.343,0
146.363,0
146.383,1
146.403,1
146.423,0
146.443,0
146.463,1
146.483,1
146.503,0
146.523,0
146.543,1
146.563,1
146.583,0
146.603,3
146.623,2
146.643,1
146.663,0
146.683,0
146.703,0
146.723,0
146.743,3
146.763,1
146.783,0
146.803,0
146.823,1
146.843,0
146.863,0
146.883,1
146.903,0
146.923,2
146.943,0
146.963,0
146.983,0
147.003,1
147.023,1
147.043,1
147.063,1
147.083,0
147.103,0
147.123,1
147.143,1
147.163,0
147.183,0
147.203,1
147.223,0
147.243,0
147.263,0
147.283,0
147.303,2
147.323,0
147.343,0
147.363,0
147.383,0
147.403,1
147.423,0
147.443,2
147.463,0
147.483,1
147.503,1
147.523,1
147.543,1
147.563,1
147.583,1
147.603,0
147.623,2
147.643,0
147.663,0
147.683,1
147.703,1
147.723,0
147.743,0
147.763,0
147.783,0
147.803,1
147.823,1
147.843,1
147.863,0
147.883,0
147.903,1
147.923,2
147.943,1
147.963,0
147.983,0
148.003,3
148.023,0
148.043,0
148.063,1
148.083,2
148.103,0
148.123,0
148.143,1
148.163,0
148.183,3
148.203,0
148.223,1
148.243,0
148.263,1
148.283,0
148.303,0
148.323,2
148.343,3
148.363,1
148.383,0
148.403,0
148.423,0
148.443,0
148.463,1
148.483,1
148.503,2
148.523,2
148.543,1
148.563,1
148.583,0
148.603,0
148.623,1
148.643,0
148.663,0
148.683,0
148.703,0
148.723,0
148.743,0
148.763,0
148.783,0
148.803,0
148.823,1
148.843,1
148.863,0
148.883,0
148.903,1
148.923,0
148.943,0
148.963,0
148.983,1
149.003,0
149.023,1
149.043,1
149.063,1
149.083,1
149.103,1
149.123,0
149.143,0
149.163,0
149.183,2
149.203,0
149.223,0
149.243,1
149.263,2
149.283,0
149.303,0
149.323,2
149.343,2
149.363,0
149.383,1
149.403,2
149.423,1
149.443,1
149.463,1
149.483,2
149.503,1
149.523,0
149.543,1
149.563,1
149.583,0
149.603,1
149.623,1
149.643,2
149.663,2
149.683,0
149.703,2
149.723,2
149.743,0
149.763,1
149.783,1
149.803,0
149.823,0
149.843,2
149.863,0
149.883,0
149.903,1
149.923,1
149.943,0
149.963,0
149.983,0
150.003,1
150.023,0
150.043,1
150.063,0
150.083,1
150.103,1
150.123,1
150.143,1
150.163,1
150.183,0
150.203,0
150.223,1
150.243,0
150.263,1
150.283,0
150.303,1
150.323,1
150.343,1
150.363,1
150.383,0
150.403,1
150.423,1
150.443,0
150.463,2
150.483,0
150.503,0
150.523,0
150.543,1
150.563,0
150.583,1
150.603,1
150.623,0
150.643,0
150.663,0
150.683,0
150.703,2
150.723,1
150.743,0
150.763,2
150.783,1
150.803,1
150.823,2
150.843,1
150.863,0
150.883,0
150.903,0
150.923,0
150.943,1
150.963,2
150.983,0
151.003,1
151.023,0
151.043,0
151.063,0
151.083,0
151.103,1
151.123,1
151.143,0
151.163,2
151.183,1
151.203,0
151.223,1
151.243,0
151.263,0
151.283,1
151.303,0
151.323,0
151.343,2
151.363,0
151.383,1
151.403,0
151.423,0
151.443,1
151.463,0
151.483,1
151.503,2
151.523,0
151.543,0
151.563,0
151.583,1
151.603,0
151.623,1
151.643,0
151.663,2
151.683,0
151.703,1
151.723,2
151.743,0
151.763,0
151.783,0
151.803,2
151.823,0
151.843,1
151.863,0
151.883,0
151.903,0
151.923,1
151.943,0
151.963,0
151.983,0
152.003,1
152.023,1
152.043,0
152.063,0
152.083,0
152.103,1
152.123,0
152.143,1
152.163,1
152.183,1
152.203,0
152.223,2
152.243,0
152.263,1
152.283,0
152.303,1
152.323,1
152.343,1
152.363,0
152.383,1
152.403,0
152.423,0
152.443,1
152.463,0
152.483,2
152.503,0
152.523,0
152.543,1
152.563,0
152.583,0
152.603,1
152.623,0
152.643,0
152.663,0
152.683,1
152.703,0
152.723,0
152.743,1
152.763,0
152.783,0
152.803,0
152.823,0
152.843,0
152.863,0
152.883,0
152.903,0
152.923,1
152.943,0
152.963,0
152.983,1
153.003,0
153.023,1
153.043,1
153.063,0
153.083,0
153.103,1
153.123,1
153.143,0
153.163,0
153.183,2
153.203,0
153.223,1
153.243,0
153.263,0
153.283,1
153.303,0
153.323,1
153.343,1
153.363,0
153.383,1
153.403,1
153.423,0
153.443,0
153.463,0
153.483,1
153.503,1
153.523,0
153.543,0
153.563,0
153.583,0
153.603,0
153.623,0
153.643,1
153.663,2
153.683,0
153.703,1
153.723,0
153.743,1
153.763,3
153.783,0
153.803,0
153.823,0
153.843,0
153.863,1
153.883,0
153.903,0
153.923,1
153.943,0
153.963,1
153.983,1
154.003,0
154.023,1
154.043,0
154.063,0
154.083,1
154.103,0
154.123,1
154.143,0
154.163,0
154.183,1
154.203,0
154.223,1
154.243,0
154.263,1
154.283,1
154.303,0
154.323,1
154.343,0
154.363,0
154.383,1
154.403,2
154.423,0
154.443,1
154.463,0
154.483,0
154.503,0
154.523,0
154.543,0
154.563,0
154.583,0
154.603,0
154.623,0
154.643,0
154.663,0
154.683,1
154.703,1
154.723,0
154.743,0
154.763,0
154.783,2
154.803,0
154.823,0
154.843,3
154.863,1
154.883,0
154.903,0
154.923,0
154.943,0
154.963,1
154.983,0
155.003,0
155.023,0
155.043,0
155.063,0
155.083,0
155.103,2
155.123,1
155.143,0
155.163,0
155.183,0
155.203,1
155.223,0
155.243,0
155.263,0
155.283,0
155.303,0
155.323,1
155.343,1
155.363,0
155.383,0
155.403,0
155.423,0
155.443,0
155.463,0
155.483,0
155.503,1
155.523,0
155.543,0
155.563,0
155.583,0
155.603,0
155.623,1
155.643,0
155.663,0
155.683,1
155.703,0
155.723,0
155.743,0
155.763,0
155.783,0
155.803,0
155.823,0
155.843,0
155.863,0
155.883,1
155.903,1
155.923,0
155.943,0
155.963,0
155.983,0
156.003,1
156.023,1
156.043,0
156.063,0
156.083,0
156.103,0
156.123,1
156.143,1
156.163,0
156.183,1
156.203,1
156.223,0
156.243,2
156.263,0
156.283,0
156.303,0
156.323,0
156.343,0
156.363,1
156.383,0
156.403,0
156.423,0
156.443,0
156.463,0
156.483,0
156.503,0
156.523,0
156.543,0
156.563,0
156.583,1
156.603,0
156.623,0
156.643,0
156.663,0
156.683,0
156.703,1
156.723,0
156.743,0
156.763,0
156.783,0
156.803,0
156.823,0
156.843,0
156.863,2
156.883,0
156.903,0
156.923,0
156.943,0
156.963,0
156.983,1
157.003,0
157.023,0
157.043,0
157.063,0
157.083,0
157.103,0
157.123,0
157.143,0
157.163,0
157.183,0
157.203,0
157.223,1
157.243,0
157.263,0
157.283,0
157.303,0
157.323,0
157.343,1
157.363,0
157.383,0
157.403,0
157.423,0
157.443,0
157.463,0
157.483,0
157.503,0
157.523,0
157.543,0
157.563,1
157.583,0
157.603,1
157.623,1
157.643,1
157.663,0
157.683,0
157.703,1
157.723,0
157.743,0
157.763,0
157.783,0
157.803,0
157.823,0
157.843,0
157.863,0
157.883,0
157.903,0
157.923,0
157.943,0
157.963,0
157.983,0
158.003,0
158.023,0
158.043,0
158.063,0
158.083,0
158.103,0
158.123,0
158.143,0
158.163,0
158.183,0
158.203,0
158.223,1
158.243,0
158.263,0
158.283,0
158.303,0
158.323,0
158.343,0
158.363,0
158.383,0
158.403,1
158.423,0
158.443,0
158.463,0
158.483,0
158.503,2
158.523,0
158.543,0
158.563,0
158.583,0
158.603,0
158.623,0
158.643,1
158.663,1
158.683,0
158.703,0
158.723,0
158.743,0
158.763,0
158.783,0
158.803,0
158.823,0
158.843,0
158.863,0
158.883,0
158.903,0
158.923,0
158.943,0
158.963,0
158.983,0
159.003,0
159.023,0
159.043,0
159.063,0
159.083,0
159.103,0
159.123,0
159.143,0
159.163,0
159.183,1
159.203,0
159.223,0
159.243,1
159.263,0
159.283,1
159.303,0
159.323,1
159.343,0
159.363,0
159.383,0
159.403,0
159.423,0
159.443,0
159.463,0
159.483,0
159.503,1
159.523,0
159.543,0
159.563,0
159.583,0
159.603,0
159.623,0
159.643,0
159.663,0
159.683,0
159.703,0
159.723,0
159.743,1
159.763,0
159.783,0
159.803,0
159.823,0
159.843,0
159.863,0
159.883,0
159.903,0
159.923,0
159.943,1
159.963,0
159.983,0
160.003,0
160.023,0
160.043,0
160.063,0
160.083,0
160.103,0
160.123,0
160.143,0
160.163,0
160.183,0
160.203,0
160.223,0
160.243,0
160.263,0
160.283,0
160.303,0
160.323,0
160.343,0
160.363,0
160.383,0
160.403,0
160.423,0
160.443,0
160.463,0
160.483,0
160.503,0
160.523,0
160.543,0
160.563,0
160.583,0
160.603,0
160.623,0
160.643,0
160.663,0
160.683,1
160.703,0
160.723,0
160.743,0
160.763,0
160.783,0
160.803,0
160.823,0
160.843,0
160.863,0
160.883,0
160.903,0
160.923,0
160.943,0
160.963,0
160.983,1
161.003,1
161.023,0
161.043,0
161.063,0
161.083,0
161.103,0
161.123,0
161.143,0
161.163,0
161.183,0
161.203,0
161.223,1
161.243,0
161.263,0
161.283,0
161.303,0
161.323,0
161.343,0
161.363,0
161.383,0
161.403,0
161.423,0
161.443,0
161.463,0
161.483,0
161.503,0
161.523,0
161.543,0
161.563,0
161.583,0
161.603,0
161.623,1
161.643,0
161.663,0
161.683,0
161.703,0
161.723,0
161.743,0
161.763,0
161.783,0
161.803,0
161.823,0
161.843,0
161.863,0
161.883,0
161.903,0
161.923,0
161.943,0
161.963,0
161.983,0
162.003,0
162.023,0
162.043,0
162.063,0
162.083,0
162.103,0
162.123,0
162.143,1
162.163,0
162.183,0
162.203,0
162.223,0
162.243,0
162.263,0
162.283,0
162.303,0
162.323,0
162.343,0
162.363,0
162.383,0
162.403,0
162.423,0
162.443,0
162.463,0
162.483,0
162.503,0
162.523,0
162.543,0
162.563,0
162.583,0
162.603,0
162.623,0
162.643,0
162.663,0
162.683,0
162.703,0
162.723,0
162.743,0
162.763,0
162.783,0
162.803,0
162.823,0
162.843,0
162.863,1
162.883,0
162.903,0
162.923,0
162.943,0
162.963,0
162.983,0
163.003,0
163.023,0
163.043,0
163.063,0
163.083,0
163.103,0
163.123,0
163.143,0
163.163,0
163.183,0
163.203,0
163.223,0
163.243,0
163.263,0
163.283,0
163.303,0
163.323,0
163.343,0
163.363,0
163.383,0
163.403,0
163.423,0
163.443,0
163.463,0
163.483,0
163.503,0
163.523,0
163.543,1
163.563,0
163.583,0
163.603,0
163.623,0
163.643,0
163.663,0
163.683,0
163.703,0
163.723,0
163.743,0
163.763,0
163.783,0
163.803,0
163.823,0
163.843,0
163.863,0
163.883,0
163.903,0
163.923,0
163.943,0
163.963,0
163.983,0
164.003,0
164.023,0
164.043,0
164.063,0
164.083,0
164.103,0
164.123,0
164.143,0
164.163,0
164.183,0
164.203,0
164.223,0
164.243,0
164.263,0
164.283,0
164.303,0
164.323,0
164.343,0
164.363,0
164.383,0
164.403,0
164.423,0
164.443,0
164.463,0
164.483,0
164.503,0
164.523,0
164.543,0
164.563,0
164.583,0
164.603,0
164.623,0
164.643,0
164.663,0
164.683,0
164.703,0
164.723,0
164.743,0
164.763,0
164.783,0
164.803,0
164.823,0
164.843,0
164.863,0
164.883,0
164.903,0
164.923,0
164.943,0
164.963,0
164.983,0
165.003,0
165.023,0
165.043,0
165.063,0
165.083,0
165.103,1
165.123,0
165.143,0
165.163,0
165.183,0
165.203,0
165.223,0
165.243,0
165.263,0
165.283,0
165.303,0
165.323,0
165.343,0
165.363,0
165.383,0
165.403,0
165.423,0
165.443,0
165.463,0
165.483,0
165.503,0
165.523,0
165.543,0
165.563,0
165.583,0
165.603,0
165.623,0
165.643,0
165.663,0
165.683,0
165.703,0
165.723,0
165.743,0
165.763,0
165.783,0
165.803,0
165.823,0
165.843,0
165.863,0
165.883,0
165.903,0
165.923,0
165.943,0
165.963,0
165.983,0
166.003,0
166.023,0
166.043,0
166.063,0
166.083,0
